"date","NGas","oil","coal"
2010-03-16,0.275,0.33,0.7
2010-03-17,-0.575,2.22,-0.75
2010-03-18,-0.05,-0.18,0.05
2010-03-19,-0.15,-0.48,0
2010-03-22,0.2,-0.62,0.1
2010-03-23,0.1,0.37,0.2
2010-03-24,0.13,-0.8,-0.1
2010-03-25,0.12,0.09,-0.15
2010-03-26,0.35,0.22,0
2010-03-29,-0.04,1.22,0.15
2010-03-30,-0.01,-0.12,0.55
2010-03-31,-0.15,1.04,1.35
2010-04-01,-0.27,1.68,0.1
2010-04-05,0,1.59,0
2010-04-06,0.57,0.54,2.65
2010-04-07,0.25,-0.16,-0.3
2010-04-08,-0.05,-0.92,0.3
2010-04-09,0.44,0.39,0.5
2010-04-12,0.06,-0.2,-1.2
2010-04-13,-0.2,-0.74,-1.35
2010-04-14,0.5,1.64,0.65
2010-04-15,0.05,0.94,-0.4
2010-04-16,-0.55,-0.01,-0.6
2010-04-19,-0.2,-1.83,0.95
2010-04-20,0,-0.24,0.8
2010-04-21,0.4,0.66,3.05
2010-04-22,-0.15,0.14,0.85
2010-04-23,-0.05,1.03,-0.45
2010-04-26,1,0.42,2.6
2010-04-27,1.49,-0.6,1.75
2010-04-28,-0.69,-0.85,-1.8
2010-04-29,-0.05,1.36,1.4
2010-04-30,-0.25,0.06,-1.2
2010-05-03,0,1.86,2.6
2010-05-04,1.65,-0.53,2.85
2010-05-05,-0.31,-3.1,-0.55
2010-05-06,0.87,-2.97,2.5
2010-05-07,0.52,-2.33,0.25
2010-05-10,0.07,1.11,0.25
2010-05-11,-0.8,-0.76,-1.35
2010-05-12,-0.19,0.72,-2
2010-05-13,-0.3,-0.04,0.25
2010-05-14,0.48,-1.68,-0.6
2010-05-17,-0.14,-1.53,-0.75
2010-05-18,0.55,-1.87,1.1
2010-05-19,-0.25,-2.1,-0.5
2010-05-20,0,-0.27,0.5
2010-05-21,0.2,-1.43,2
2010-05-24,0.63,-0.54,2.5
2010-05-25,-0.18,-1.31,-1.75
2010-05-26,0,1.13,-0.85
2010-05-27,-0.4,2.87,-0.3
2010-05-28,-0.17,0.79,-0.45
2010-05-31,0,-1.02,0.3
2010-06-01,0.14,0.67,-0.85
2010-06-02,0.28,-0.76,0.8
2010-06-03,-0.14,0.95,1.6
2010-06-04,0.89,0.97,1.5
2010-06-07,0.67,-3.6,1.4
2010-06-08,0.76,-0.25,2.75
2010-06-09,0.07,2.05,2
2010-06-10,-0.58,1.13,-0.95
2010-06-11,-0.12,-0.16,-1.55
2010-06-14,0.65,0.61,0.35
2010-06-15,0.87,0.01,-0.1
2010-06-16,-0.17,2.22,-0.65
2010-06-17,0.22,0.54,-0.1
2010-06-18,-0.26,-0.24,0.1
2010-06-21,0.13,1,-1.25
2010-06-22,-0.38,-0.74,-0.65
2010-06-23,0.02,-0.94,0.4
2010-06-24,0.02,-1.48,0
2010-06-25,-0.38,1.8,0
2010-06-28,0.13,0.16,-0.85
2010-06-29,0.95,-0.91,0.35
2010-06-30,0.21,-1.5,0.4
2010-07-01,0.34,-1.6,-0.15
2010-07-02,0.08,-1.82,-0.75
2010-07-05,0.67,-0.55,-0.2
2010-07-06,0.5,1,0.15
2010-07-07,-1.1,1.04,-0.65
2010-07-08,0.4,0.93,0.45
2010-07-09,-0.01,0.61,0.3
2010-07-12,-0.34,-0.14,-0.5
2010-07-13,-0.03,1.26,0
2010-07-14,-0.81,0.81,0.05
2010-07-15,-0.26,-0.39,-0.2
2010-07-16,-0.68,-0.92,-0.15
2010-07-19,0.03,0.72,0
2010-07-20,-1.21,-0.7,-0.1
2010-07-21,-0.82,0.7,-0.35
2010-07-22,0.75,0.72,0.15
2010-07-23,0.33,0.18,0.15
2010-07-26,-0.35,-0.19,0.1
2010-07-27,-0.72,0.34,0
2010-07-29,0.72,-0.09,0.05
2010-07-30,0.74,0.15,0
2010-08-02,0.55,2.89,2.1
2010-08-03,-0.26,1.6,0.45
2010-08-04,0.25,0.06,-0.25
2010-08-05,-0.07,-0.58,-0.1
2010-08-06,-0.33,-0.11,-0.4
2010-08-09,0.3,-0.79,-0.3
2010-08-10,-0.23,-0.25,-0.25
2010-08-11,0.05,-1.51,-1.05
2010-08-12,-0.25,-2.06,-0.35
2010-08-13,-0.05,-1.13,-0.2
2010-08-16,-0.45,-0.68,0.05
2010-08-17,-0.08,1.94,0.25
2010-08-18,-0.26,-0.83,-0.55
2010-08-19,0.23,0.31,0.1
2010-08-20,0.35,-1.4,-0.3
2010-08-23,-0.11,-0.87,0.45
2010-08-24,-0.38,-1.24,-0.55
2010-08-25,-0.15,0.24,-0.35
2010-08-26,0.35,1.65,0.1
2010-08-27,-0.2,1.38,0.2
2010-08-31,0.6,-0.13,-0.55
2010-09-01,-0.07,-0.04,-0.1
2010-09-02,0.17,0.38,0.08
2010-09-03,0.25,0.32,0.22
2010-09-06,-0.52,-0.28,-0.32
2010-09-07,0.07,1.14,-0.45
2010-09-08,0.27,0.53,-0.13
2010-09-09,0.21,-0.03,0.15
2010-09-10,-0.22,-0.43,0.05
2010-09-13,0.14,1.02,0.18
2010-09-14,-0.19,0.49,0.85
2010-09-15,0.04,-0.75,-0.31
2010-09-16,-0.15,0.49,0.38
2010-09-17,0.05,-0.17,0.33
2010-09-20,-0.15,0.45,-0.15
2010-09-21,-0.18,0.08,0.1
2010-09-22,0.18,-1.16,0.32
2010-09-23,0.1,-0.36,0.5
2010-09-24,0.31,0.92,-0.28
2010-09-27,-0.17,-0.2,2.43
2010-09-28,0.31,0.33,0.1
2010-09-29,0.21,1.4,0.7
2010-09-30,0.2,1.47,0.47
2010-10-01,-0.34,1.41,0.16
2010-10-04,0.26,0.6,-0.58
2010-10-05,-0.18,0.52,0.25
2010-10-06,-0.12,0.95,0.63
2010-10-07,-0.27,0.14,-0.05
2010-10-08,0.12,-1.43,-0.2
2010-10-11,0.27,0.09,0.7
2010-10-12,-0.08,-0.68,-0.01
2010-10-13,-0.09,0.98,0.98
2010-10-14,0.2,0.48,1.08
2010-10-15,-0.03,-0.96,-0.98
2010-10-18,-0.08,0,-0.1
2010-10-19,-0.17,-0.05,2.2
2010-10-20,0,-0.75,-1.7
2010-10-21,0,0.18,0.35
2010-10-22,0.01,-0.63,-0.35
2010-10-25,0.04,0.95,0.25
2010-10-26,0.275,-0.31,-0.1
2010-10-27,0.075,-0.22,0.35
2010-10-28,-0.2,0.18,-0.35
2010-10-29,-0.09,-0.26,0
2010-11-01,-0.21,1.95,6.9
2010-11-02,0.16,0.35,0.4
2010-11-03,0.09,1,-0.8
2010-11-04,-0.08,1.4,-0.45
2010-11-05,-0.21,0.51,-0.15
2010-11-08,-0.25,-0.08,-0.8
2010-11-09,0.04,0.3,-0.5
2010-11-10,0.13,0.3,0.9
2010-11-11,0.1,0.38,1.05
2010-11-12,0.21,-0.96,0.1
2010-11-15,0.65,-1.37,1.1
2010-11-16,-0.16,-0.66,-0.7
2010-11-17,0.02,-1.65,-0.5
2010-11-18,0.1,0.44,0.15
2010-11-19,0.07,0.65,0.05
2010-11-22,1.28,-0.7,0.55
2010-11-23,-0.29,-1.45,-0.2
2010-11-24,0.24,2.25,0.75
2010-11-25,-0.12,0.25,-0.45
2010-11-26,0.27,-0.55,0.05
2010-11-29,0.91,1.6,7.75
2010-11-30,0.08,0,0.25
2010-12-01,0.67,1.47,2.1
2010-12-02,0,1.82,1.45
2010-12-03,1.24,1.01,1.4
2010-12-06,-0.1,0.18,1.8
2010-12-07,-0.23,0.83,-0.95
2010-12-08,0.61,-1.12,-1.75
2010-12-09,-0.38,-0.1,-1.9
2010-12-10,-0.02,-0.07,-0.65
2010-12-13,-0.71,0.73,2.15
2010-12-14,0.03,-0.57,-0.4
2010-12-15,-0.69,0.69,0.1
2010-12-16,0.79,-0.13,0.55
2010-12-17,0.25,0.1,2.5
2010-12-20,0.25,0.51,0
2010-12-21,-0.85,0.6,0.4
2010-12-22,0.09,0.44,0.25
2010-12-23,0.01,0.6,-0.15
2010-12-24,0.19,0.2,0
2010-12-29,1,-0.36,3.75
2010-12-30,0.53,0.04,-0.85
2010-12-31,-0.52,0.78,0.2
2011-01-03,0,0.97,7.05
2011-01-04,-1.24,-0.43,-1.3
2011-01-05,-0.31,0.12,-6.7
2011-01-06,0.4,0.26,3
2011-01-07,-0.1,-1.54,1.8
2011-01-10,-0.42,1.3,1.95
2011-01-11,0.25,1.94,-0.75
2011-01-12,0.45,1.03,-0.9
2011-01-13,-0.4,-0.18,-0.5
2011-01-14,-0.31,0.53,-0.85
2011-01-17,0.14,-0.45,-0.8
2011-01-18,0.24,-0.38,-0.5
2011-01-19,-0.16,0.23,-0.25
2011-01-20,-0.04,-0.46,-0.45
2011-01-21,-0.4,-0.28,-3
2011-01-24,-0.21,0.31,-1.4
2011-01-25,-0.14,-1.49,-1
2011-01-26,-0.2,1.66,0.15
2011-01-27,-0.05,0.61,0.35
2011-01-28,-0.26,0.79,1.75
2011-01-31,-0.16,1.99,-3.5
2011-02-01,0.12,0.35,0.85
2011-02-02,0.54,0.51,0.55
2011-02-03,0.31,0.78,2.2
2011-02-04,-0.01,-0.89,-0.35
2011-02-07,-0.24,-1.58,-2.6
2011-02-08,-0.25,-0.48,-0.85
2011-02-09,-0.46,1.83,0.2
2011-02-10,0.11,0.63,-1.1
2011-02-11,0.29,-0.85,0.35
2011-02-14,-0.03,2.27,0
2011-02-15,-0.14,-0.26,0.4
2011-02-16,-0.19,0.48,-0.3
2011-02-17,0.12,-0.22,0.2
2011-02-18,-0.1,-0.8,-0.05
2011-02-21,0.46,5.2,0.85
2011-02-22,0.22,-0.13,-0.15
2011-02-23,0.17,3.89,0.4
2011-02-24,0.1,7.33,0.1
2011-02-25,-0.55,-5.88,0.3
2011-02-28,0.51,0.59,0.65
2011-03-01,0.27,2.26,-0.15
2011-03-02,0.35,1.05,0.05
2011-03-03,-0.13,-0.91,1
2011-03-04,0.4,-0.41,1.4
2011-03-07,0.61,2.01,1.55
2011-03-08,-0.42,-3.21,-0.45
2011-03-09,0.24,0.89,0.15
2011-03-10,-0.33,0.37,-1.6
2011-03-11,0.7,-0.87,0.55
2011-03-14,1.34,-1.5,2.6
2011-03-15,0.06,-0.36,0.75
2011-03-16,0.57,-2.06,1.55
2011-03-17,-0.85,3.74,-1.55
2011-03-18,-0.51,1.79,-0.75
2011-03-21,-0.42,-1.07,1.9
2011-03-22,0.57,-0.13,0.95
2011-03-23,0.12,0.31,1.35
2011-03-24,0.05,-0.48,-2.75
2011-03-25,-0.42,0.21,-0.2
2011-03-28,-0.21,-0.13,0.15
2011-03-29,-0.12,-0.36,-0.95
2011-03-30,-0.5,0.06,-0.4
2011-03-31,1.42,2,2.1
2011-04-01,-0.02,1.44,1.2
2011-04-04,-0.23,2.15,2.6
2011-04-05,-0.44,1.6,-2.2
2011-04-06,-0.38,0.48,0.15
2011-04-07,-0.09,-0.48,-1.15
2011-04-08,0.13,4.02,1
2011-04-11,0.03,0.11,0.25
2011-04-12,-0.23,-1.64,-1.35
2011-04-13,-0.54,-2.12,0.1
2011-04-14,0.04,0.14,0.25
2011-04-15,0.12,0.62,0.7
2011-04-18,-0.39,-0.36,-1.2
2011-04-19,0.05,-1.37,-0.05
2011-04-20,0.08,1.94,0.15
2011-04-21,-0.45,0.58,-0.05
2011-04-26,-0.08,-0.41,0
2011-04-27,-0.4,1.4,0.15
2011-04-28,0.9,0.86,0.3
2011-04-29,0.1,-0.56,0.2
2011-05-03,-1.1,-1.08,-0.55
2011-05-04,-0.07,-1.96,0.05
2011-05-05,-0.05,-1.1,-1.95
2011-05-06,0.07,-7.72,0
2011-05-09,0.68,2.28,-0.4
2011-05-10,0.54,1.43,-1.3
2011-05-11,0.16,0.48,-0.8
2011-05-12,-0.12,-3.87,-1.4
2011-05-13,-0.41,0.36,-0.5
2011-05-16,0.3,-0.92,-0.05
2011-05-17,-0.08,-2.18,0.65
2011-05-18,0.03,1.28,0.95
2011-05-19,0.03,-0.06,0.2
2011-05-20,0.14,-0.16,0.05
2011-05-23,-0.02,-0.65,-0.4
2011-05-24,-0.02,0.42,0
2011-05-25,0.13,2.42,-0.1
2011-05-26,-0.06,0.4,-1.35
2011-05-27,0.23,0.21,0.9
2011-05-31,0.19,1.81,-0.3
2011-06-01,-0.46,-0.21,0.05
2011-06-02,-0.22,-1.33,-0.35
2011-06-03,0.11,0.3,0.95
2011-06-06,-0.21,-0.11,0.75
2011-06-07,0.06,1.29,1.75
2011-06-08,0,1.16,-0.75
2011-06-09,0.05,1.27,0.2
2011-06-10,0,0.21,-0.5
2011-06-13,0.39,0.18,0.45
2011-06-14,-0.11,0.5,0.25
2011-06-15,-0.1,0.72,-0.7
2011-06-16,-0.26,-6.53,-1.15
2011-06-17,-0.01,-0.63,-0.45
2011-06-20,-0.23,-0.93,-0.55
2011-06-21,0.03,-0.28,0.2
2011-06-22,-0.11,1.38,0.05
2011-06-23,-0.05,-1.08,-0.6
2011-06-24,-0.34,-4.7,-0.1
2011-06-27,-0.16,-1.96,-0.9
2011-06-28,0.06,2.31,1.05
2011-06-29,0.14,3.62,0.75
2011-06-30,0.06,0.57,0.1
2011-07-01,-0.52,-0.76,0.05
2011-07-04,0.14,-0.32,0.6
2011-07-05,0.1,2.28,0.75
2011-07-06,-0.05,-0.12,-0.3
2011-07-07,0.24,4.38,-0.3
2011-07-08,-0.19,1.17,-0.2
2011-07-11,-0.18,-1.47,-0.6
2011-07-12,0.1,-0.57,0
2011-07-13,-0.08,2.03,0.2
2011-07-14,-0.13,-0.46,0.05
2011-07-15,0.11,-1.65,0.05
2011-07-18,0.11,0.05,-0.25
2011-07-19,-0.11,0.65,0.15
2011-07-20,0.1,0.41,0.25
2011-07-21,-0.1,0.39,0
2011-07-22,-0.1,-0.45,0.1
2011-07-25,-0.25,-0.35,0.3
2011-07-26,-0.1,0.6,0.15
2011-07-27,-0.14,-0.55,0
2011-07-28,0.04,0.21,0.1
2011-07-29,0.98,-1.01,0.1
2011-08-01,-0.45,2.7,1.75
2011-08-02,-0.08,-2,0.65
2011-08-03,-0.12,-2.11,0.25
2011-08-04,-0.21,-2.56,-0.15
2011-08-05,0.07,-3.47,-0.2
2011-08-08,0.08,-1.76,-0.65
2011-08-09,0.37,-2.55,-0.9
2011-08-10,-0.16,1.16,0.45
2011-08-11,0.11,1.11,0.3
2011-08-12,0.15,0.94,0.35
2011-08-15,-0.1,0.84,0.1
2011-08-16,-0.07,-0.06,-0.25
2011-08-17,0.47,1.8,-0.1
2011-08-18,0.02,-0.99,-0.45
2011-08-19,-0.17,-1.35,-0.35
2011-08-22,0.43,-0.65,-0.15
2011-08-23,0.08,1.45,0.25
2011-08-24,0.6,0.8,0.1
2011-08-25,0.05,0.45,-0.05
2011-08-26,-0.5,0.25,-0.05
2011-08-30,1.7,2.55,-0.1
2011-08-31,2.46,0.94,1.15
2011-09-01,-0.41,0.17,0.5
2011-09-02,-0.6,-0.78,0.05
2011-09-05,0.15,-2.08,-0.15
2011-09-06,0.3,1.11,-0.05
2011-09-07,0.09,2.89,0.1
2011-09-08,0.56,0.1,-0.35
2011-09-09,-0.3,-1.43,-0.75
2011-09-12,-0.45,-1.41,-0.65
2011-09-13,-0.5,-0.46,-0.45
2011-09-14,-0.22,-0.6,-0.5
2011-09-15,0.17,3.4,0.35
2011-09-16,-0.47,-1.85,0.25
2011-09-19,0.09,-2.14,-0.35
2011-09-20,0.14,-0.52,0.05
2011-09-21,-0.33,0.85,0.15
2011-09-22,-0.21,-2.94,-0.2
2011-09-23,-0.32,-2.5,-0.2
2011-09-26,-0.65,-1.66,0.2
2011-09-27,0.01,2.2,-0.3
2011-09-28,0.69,-0.13,0.25
2011-09-29,-0.15,-1.59,-0.05
2011-09-30,2.11,-0.91,-1.15
2011-10-03,-0.08,-2.11,-2.75
2011-10-04,0.34,-0.39,-1.95
2011-10-05,-0.42,0.43,0.45
2011-10-06,-0.35,3.04,0.6
2011-10-07,-0.5,0.76,-0.2
2011-10-10,0.25,2.86,0.15
2011-10-11,0.3,1.74,-0.35
2011-10-12,0,1.76,0.4
2011-10-13,-0.75,-1.13,-0.9
2011-10-14,0.2,2.93,-0.15
2011-10-17,0,-0.94,0.1
2011-10-18,-0.42,-1.97,-1.25
2011-10-19,-0.21,-0.04,-1.35
2011-10-20,-0.12,-1.68,0.3
2011-10-21,0.5,1.71,0.8
2011-10-24,-0.05,-0.28,0.8
2011-10-25,-0.47,0.55,0.05
2011-10-26,-0.38,-0.37,0
2011-10-27,0.24,1.01,0.05
2011-10-28,-0.23,-0.56,0.35
2011-10-31,1.09,-1.9,0.3
2011-11-01,-0.05,-0.65,-1.8
2011-11-02,-0.35,1.79,0.4
2011-11-03,-0.15,-0.23,0.5
2011-11-04,0.25,1.24,0.35
2011-11-07,0.85,2.75,0.35
2011-11-08,-0.2,1.25,-0.7
2011-11-09,-0.7,-0.73,-0.75
2011-11-10,-0.15,-1.62,-0.35
2011-11-11,-0.3,0.78,-0.25
2011-11-14,-0.2,-0.08,0.05
2011-11-15,0.05,-1.69,0
2011-11-16,0.08,-0.64,0.2
2011-11-17,-0.18,-0.52,-0.4
2011-11-18,-0.25,-1.99,-0.2
2011-11-21,0.2,-2.25,0.35
2011-11-22,-0.15,1.71,-1.15
2011-11-23,-0.17,-0.6,-0.65
2011-11-24,-0.18,-0.76,1.55
2011-11-25,-0.1,-0.3,-0.25
2011-11-28,-0.05,1.7,-3.95
2011-11-29,-0.25,1.51,-0.25
2011-11-30,0.35,1.03,1.05
2011-12-01,-0.7,-0.79,0
2011-12-02,-0.06,-0.83,0.1
2011-12-05,-0.29,1.21,-0.1
2011-12-06,-0.1,-0.66,-0.25
2011-12-07,0.1,0.53,-0.45
2011-12-08,0.54,-0.82,-0.35
2011-12-09,0.46,-1.68,0.15
2011-12-12,-0.44,-0.24,0.2
2011-12-13,0.34,2.35,0.15
2011-12-14,-0.25,-1.6,-0.5
2011-12-15,-0.35,-3,-0.3
2011-12-16,-0.13,-1.94,0.15
2011-12-19,-0.22,0.01,-0.55
2011-12-20,0.15,2.7,0.7
2011-12-21,0,0.9,0
2011-12-22,0.1,0.33,0.15
2011-12-23,-0.2,0.05,0.1
2011-12-28,-0.3,0.95,-0.5
2011-12-29,-0.55,-1.4,-0.45
2011-12-30,0.25,0.15,-0.15
2012-01-03,-0.65,4.19,-0.85
2012-01-04,0.17,1.53,0.2
2012-01-05,-0.07,0.67,0.55
2012-01-06,-0.08,-0.96,0.1
2012-01-09,0.78,0.2,-0.85
2012-01-10,-0.17,0.13,-0.5
2012-01-11,0.27,-0.25,-0.7
2012-01-12,-0.28,1.36,-0.4
2012-01-13,-0.21,-2.62,-1.8
2012-01-16,-0.66,-0.83,-2.25
2012-01-17,-0.15,1.09,0.6
2012-01-18,-0.05,-0.56,1.35
2012-01-19,0.05,-0.45,0.6
2012-01-20,0.49,0.31,0.1
2012-01-23,0.11,-0.7,-0.2
2012-01-24,0.28,-0.25,-0.05
2012-01-25,0.07,-0.22,0.05
2012-01-26,-0.35,1,-0.05
2012-01-27,0.7,0.1,-0.3
2012-01-30,1.5,-0.21,-0.3
2012-01-31,-0.9,2.12,-0.75
2012-02-01,0.3,-1.08,-3.7
2012-02-02,0.8,-0.26,0.5
2012-02-03,0.3,2.15,-0.35
2012-02-06,-0.15,1.97,-0.45
2012-02-07,0.25,0.82,-0.9
2012-02-08,-0.45,0.47,-0.9
2012-02-09,-0.42,0.82,0
2012-02-10,-0.1,-0.18,-0.7
2012-02-13,-0.98,0,-0.15
2012-02-14,-0.1,-0.33,0.6
2012-02-15,0.75,1.71,-0.1
2012-02-16,0.32,0.39,0.3
2012-02-17,0.03,0.32,0.25
2012-02-20,-0.4,0.45,0.25
2012-02-21,0.1,0.73,-0.05
2012-02-22,0.7,1.35,0.1
2012-02-23,-0.05,1.27,0.05
2012-02-24,0.1,1.05,-0.1
2012-02-27,0.8,-0.04,1.35
2012-02-28,-0.5,-1.56,-1.6
2012-02-29,-0.2,-0.75,-1.5
2012-03-01,0.17,5.2,-0.7
2012-03-02,-0.37,-2.24,-0.4
2012-03-05,-0.3,-1.5,0.2
2012-03-06,-0.25,-0.27,0
2012-03-07,0.3,0.06,0.65
2012-03-08,0.65,1.89,0.75
2012-03-09,0.23,0.03,-0.5
2012-03-12,-0.53,-0.39,-0.4
2012-03-13,0.2,0.81,0.05
2012-03-14,0.5,-0.11,-0.6
2012-03-15,-0.35,-1.33,-0.1
2012-03-16,0.35,0.81,0.1
2012-03-19,0.5,-0.11,0.35
2012-03-20,-0.2,-0.61,-0.15
2012-03-21,-0.4,-0.64,0.1
2012-03-22,-0.27,-0.55,-0.15
2012-03-23,-0.33,2.81,-0.2
2012-03-26,0.1,-1.17,0
2012-03-27,0.1,0.29,0.45
2012-03-28,0.55,-1,0.25
2012-03-29,0.28,-0.54,0.95
2012-03-30,0.22,-0.57,0.7
2012-04-02,-0.5,1.56,2.3
2012-04-03,-0.4,0.34,-1.5
2012-04-04,-0.2,-0.98,-1.45
2012-04-05,0.13,-1.45,0.05
2012-04-10,-0.18,-0.71,-0.65
2012-04-11,0.35,-2.03,-0.65
2012-04-12,0.15,1.12,-0.2
2012-04-13,0.15,0.08,0.6
2012-04-16,-0.6,-1,-0.65
2012-04-17,0.05,-1.66,-0.15
2012-04-18,-0.2,-0.49,-0.1
2012-04-19,0.15,0.3,-0.4
2012-04-20,0.2,0.54,0.3
2012-04-23,0.15,-0.78,-0.1
2012-04-24,-0.55,0.03,0.1
2012-04-25,0,0.31,-0.15
2012-04-26,-0.16,0.92,0
2012-04-27,0.26,-0.22,-0.1
2012-04-30,0.75,-0.16,-5.1
2012-05-01,0.28,0.23,-1.85
2012-05-02,-0.38,-0.22,-0.65
2012-05-03,-0.27,-1.35,0.6
2012-05-04,0.15,-2.16,-0.35
2012-05-08,-0.23,-2.65,-1.75
2012-05-09,0.25,-0.37,0.6
2012-05-10,0,0.37,0.15
2012-05-11,-0.15,-0.84,0.4
2012-05-14,-0.2,-0.73,-0.45
2012-05-15,0.2,0.6,-0.05
2012-05-16,-0.4,-0.57,-0.55
2012-05-17,-0.45,-1.95,-0.05
2012-05-18,-0.3,-2.16,-0.4
2012-05-21,-0.07,1.44,-0.4
2012-05-22,0.12,-0.07,-0.75
2012-05-23,-0.1,-1.2,-0.35
2012-05-24,-0.05,-0.91,0
2012-05-25,0,-0.01,1.35
2012-05-28,0.61,0.8,1.15
2012-05-29,0.24,-0.09,0.9
2012-05-30,-0.65,-1.13,0.45
2012-05-31,0.1,-2.66,-0.75
2012-06-01,-0.3,-2.21,-0.2
2012-06-06,0.3,-0.56,-0.85
2012-06-07,0.1,1.06,-0.35
2012-06-08,-0.2,-2.46,-0.25
2012-06-11,0.1,2.22,-0.75
2012-06-12,0.1,-4.24,-0.65
2012-06-13,-0.2,0.41,0.3
2012-06-14,-0.25,-0.58,-0.05
2012-06-15,0.15,0.3,-0.35
2012-06-18,-0.15,1.4,0.6
2012-06-19,-0.15,-2.7,0.05
2012-06-20,0,-0.76,0.35
2012-06-21,0.25,-3.28,-0.15
2012-06-22,0.1,-1.06,0.65
2012-06-25,-0.1,0.05,-0.05
2012-06-26,0.3,1.5,0
2012-06-27,0.25,0.7,0.2
2012-06-28,-0.12,-0.1,-0.1
2012-06-29,0.02,4.44,-0.1
2012-07-02,0.13,-0.42,3.35
2012-07-03,0.37,3.71,0.35
2012-07-04,0,-0.63,-0.1
2012-07-05,0.25,1.39,-0.65
2012-07-06,0.2,-1.94,-0.05
2012-07-09,0.25,0.66,-0.3
2012-07-10,-0.75,-1.41,-0.55
2012-07-11,-0.05,1.18,-0.3
2012-07-12,-0.2,0.53,-0.65
2012-07-13,0.12,2.08,0.4
2012-07-16,-0.12,0.25,0.1
2012-07-17,-0.1,1.06,0.4
2012-07-18,-0.26,0.85,0.4
2012-07-19,0.01,2.58,-0.05
2012-07-20,0.25,-0.48,-0.2
2012-07-23,-0.3,-0.76,-1.2
2012-07-24,0.1,-2.46,1.2
2012-07-25,0.1,0.23,0.15
2012-07-26,0.15,1.47,0.1
2012-07-27,-0.2,0.55,1.3
2012-07-30,0,0.26,2.05
2012-07-31,0.33,-0.47,1.85
2012-08-01,-0.08,0.4,0.3
2012-08-02,-0.15,0.38,-1.05
2012-08-03,-0.09,1.83,0.65
2012-08-06,-0.11,0.64,0.8
2012-08-07,0.25,2.79,0.35
2012-08-08,0.5,0.71,0.45
2012-08-09,0.27,0.26,-0.15
2012-08-10,0.03,0.01,-0.25
2012-08-13,0.2,1.57,0.5
2012-08-14,0,-0.81,-0.3
2012-08-15,-0.28,2.42,-1.15
2012-08-16,-0.17,0.31,-0.15
2012-08-17,0.26,-2.26,-0.05
2012-08-20,0.36,-0.07,-0.15
2012-08-21,-0.07,0.88,0.25
2012-08-22,0.05,-0.31,-0.2
2012-08-23,-0.2,1.11,-0.25
2012-08-24,0.05,-1.1,0.1
2012-08-28,0,-2.18,-0.1
2012-08-29,-0.2,0.2,0
2012-08-30,0.05,0.14,0
2012-08-31,0.79,1.49,0
2012-09-03,0.56,1.05,-0.85
2012-09-04,-0.3,0.67,-0.45
2012-09-05,-0.15,-2.27,-0.25
2012-09-06,0.15,0.77,-0.05
2012-09-07,-0.24,-0.5,-0.05
2012-09-10,-0.11,0.4,-0.7
2012-09-11,-0.37,0.41,-0.75
2012-09-12,0.14,1.21,-0.6
2012-09-13,0.48,0.81,-0.55
2012-09-14,-0.11,0.47,0.35
2012-09-17,0.01,-0.93,-0.1
2012-09-18,-0.4,-2.6,-0.2
2012-09-19,-0.14,-1.44,0.2
2012-09-20,0.19,-2.33,-0.2
2012-09-21,0.45,1.05,0
2012-09-24,-0.4,-0.14,-0.2
2012-09-25,0.2,-0.09,0
2012-09-26,-0.15,-1.24,0
2012-09-27,0.1,2.27,0
2012-09-28,0.95,0.9,0
2012-10-01,-0.11,-0.13,-2.45
2012-10-02,0.06,-0.82,0.15
2012-10-03,-0.05,-1.09,-0.2
2012-10-04,-0.1,1.33,0.55
2012-10-05,0.4,0.36,0.5
2012-10-08,0,-0.7,0.1
2012-10-09,-0.03,2.37,-0.1
2012-10-10,0.14,0.87,-0.6
2012-10-11,-0.28,0.43,-0.55
2012-10-12,-0.07,-0.06,-0.6
2012-10-15,-0.11,-0.05,-0.95
2012-10-16,0.05,0.29,0.65
2012-10-17,0.2,-1.89,0.7
2012-10-18,0.3,-0.68,-0.05
2012-10-19,0.4,-0.36,0.15
2012-10-22,0.45,-2.3,0
2012-10-23,-0.05,-1.17,-0.05
2012-10-24,-0.1,-0.46,-0.1
2012-10-25,-0.4,-0.06,0
2012-10-26,0.52,0.42,-0.05
2012-10-29,0.08,0.56,-1.8
2012-10-30,0.05,-0.16,0.6
2012-10-31,-0.55,-0.3,0.1
2012-11-01,0.05,-0.77,0.35
2012-11-02,-0.2,-0.23,0.25
2012-11-05,-0.2,-0.62,0.75
2012-11-06,0.27,3.13,1
2012-11-07,0.13,0.33,-0.55
2012-11-08,-0.15,-3.47,0.6
2012-11-09,0.05,1.61,0.05
2012-11-12,0.1,0.61,0.6
2012-11-13,-0.03,-1.41,-0.15
2012-11-14,-0.2,1.37,0
2012-11-15,0.33,0.77,0.75
2012-11-16,0.15,-1.87,0.4
2012-11-19,0.1,2.95,-0.2
2012-11-20,-0.17,-0.35,-0.2
2012-11-21,0.12,-0.39,-0.25
2012-11-22,0.03,-0.29,0.3
2012-11-23,0.12,0.37,0.15
2012-11-26,-0.41,-0.06,0
2012-11-27,0.11,-0.12,0.15
2012-11-28,-0.05,-1.19,0
2012-11-29,-0.12,1.13,0
2012-11-30,0.27,0.04,0
2012-12-03,0.39,0.99,3.6
2012-12-05,0.49,-1.76,-1.1
2012-12-06,-0.28,-1.41,-0.95
2012-12-07,0.05,-1.27,-0.6
2012-12-10,-0.55,0.65,-0.4
2012-12-11,-0.25,-0.17,-0.65
2012-12-12,0.04,2.13,-0.9
2012-12-13,-0.09,-0.98,0.35
2012-12-14,0.09,0.06,1
2012-12-17,-0.19,-1.08,0.4
2012-12-18,0.15,0.48,0.4
2012-12-19,-0.03,1.5,0.2
2012-12-20,-0.07,0.18,-0.4
2012-12-21,-0.15,-0.38,-0.25
2012-12-24,-0.62,-1.06,0.15
2012-12-27,-0.08,2.11,0
2012-12-28,-0.15,0.05,-0.3
2012-12-31,0.03,-0.04,-0.1
2013-01-02,0.24,1.56,-0.25
2013-01-03,0.23,-0.48,-1.1
2013-01-04,0.35,-0.64,-0.1
2013-01-07,0.7,-0.09,-1.15
2013-01-08,-0.3,0.78,-0.65
2013-01-09,0.15,-0.24,0
2013-01-10,-0.6,1.06,-0.15
2013-01-11,-0.05,-1.34,-0.1
2013-01-14,-0.31,0.2,-0.3
2013-01-15,-0.09,0.31,-0.1
2013-01-16,0.3,-1.62,0
2013-01-17,0,0.54,0.5
2013-01-18,-0.3,0.59,-0.1
2013-01-21,-0.65,0.02,-0.25
2013-01-22,0.3,0.66,-0.05
2013-01-23,-0.1,0.5,-0.1
2013-01-24,-0.2,0.5,0.1
2013-01-25,0.05,0.19,0.05
2013-01-28,0.01,-0.04,1.55
2013-01-29,-0.21,0.69,-0.6
2013-01-30,-0.02,0.75,-0.25
2013-01-31,-0.23,0.52,-0.85
2013-02-01,0.15,1.31,0.2
2013-02-04,0.25,-0.4,-0.05
2013-02-05,-0.1,0.56,0.45
2013-02-06,-0.18,-0.18,0.05
2013-02-07,0.08,0.78,0.35
2013-02-08,0.2,1.34,1.6
2013-02-11,-0.35,-0.1,-0.75
2013-02-12,0.1,-0.17,-0.3
2013-02-13,0,0.22,-0.05
2013-02-14,0.15,-0.83,-0.15
2013-02-15,-0.15,-0.18,-0.1
2013-02-18,-0.2,0.08,-0.1
2013-02-19,0,-0.59,0.4
2013-02-20,-0.28,0.06,0.05
2013-02-21,0.25,-2.35,-0.05
2013-02-22,0.33,-0.52,0.05
2013-02-25,-0.125,1.08,1.7
2013-02-26,0.175,-1.53,0.1
2013-02-27,0,-0.99,-0.2
2013-02-28,0.23,-0.78,1.35
2013-03-01,-0.18,-1.21,-0.65
2013-03-04,0.4,-0.47,-1.45
2013-03-05,0.24,1.04,-0.4
2013-03-06,-0.19,0.3,-0.5
2013-03-07,0.1,-0.83,0.35
2013-03-08,-0.075,-0.07,-0.2
2013-03-11,0.025,-0.61,-0.05
2013-03-12,0.125,0.48,0.2
2013-03-13,-0.015,-1.31,-0.6
2013-03-14,-0.41,0.09,-0.2
2013-03-15,0,0.55,-0.2
2013-03-18,0.18,-0.7,-0.4
2013-03-19,0.37,-0.29,-0.85
2013-03-20,0.2,-0.62,-0.1
2013-03-21,0.05,-0.17,-0.2
2013-03-22,0.25,-0.79,0.15
2013-03-25,1.5,1.11,-0.2
2013-03-26,0.25,0.52,0.1
2013-03-27,-0.2,0.39,-0.25
2013-03-28,-1.45,0.12,0.25
2013-04-02,-0.45,1.69,-7.15
2013-04-03,0.38,-1.36,1.85
2013-04-04,0.045,-2.37,0.8
2013-04-05,0.125,-1.41,0.6
2013-04-08,-0.3,-1.1,0
2013-04-09,-0.2,0.95,-0.95
2013-04-10,0.175,-0.03,0.4
2013-04-11,0.175,-0.53,0.65
2013-04-12,-0.05,-1.55,0.6
2013-04-15,-0.05,-1.3,-0.45
2013-04-16,-0.05,-2.72,0.5
2013-04-17,-0.1,0.09,-0.6
2013-04-18,-0.3,-0.61,0
2013-04-19,-0.05,0.48,0.45
2013-04-22,-0.275,0.71,0.2
2013-04-23,0.025,-0.45,0.35
2013-04-24,0.1,1.4,-0.25
2013-04-25,0.125,1.5,0.1
2013-04-26,-0.145,-0.01,-0.25
2013-04-29,-0.01,0.46,2.65
2013-04-30,-0.12,0.06,-0.95
2013-05-01,0.03,-1.67,-0.85
2013-05-02,-0.13,0.65,0.2
2013-05-03,0.15,1.94,0.6
2013-05-07,0.15,1.02,-0.15
2013-05-08,-0.2,-1.14,0
2013-05-09,0.05,-0.2,0.05
2013-05-10,-0.25,-0.15,-0.5
2013-05-13,0.15,-0.59,-0.75
2013-05-14,-0.05,-0.76,0.2
2013-05-15,0.1,0.72,-0.05
2013-05-16,0.1,0.58,-0.4
2013-05-17,0.1,0.47,-0.35
2013-05-20,0.2,0.44,0.05
2013-05-21,0.04,-0.16,0.15
2013-05-22,-0.065,-1.36,-0.1
2013-05-23,0.075,-1.11,0.05
2013-05-24,-0.25,0.11,0
2013-05-28,-0.2,1.9,-0.1
2013-05-29,0.15,-0.32,0.1
2013-05-30,0,-1.52,-0.05
2013-05-31,-0.23,-0.47,0
2013-06-03,-0.22,0.1,-3.75
2013-06-04,-0.04,1.1,-0.6
2013-06-05,0.065,0.49,0
2013-06-06,-0.135,-0.12,-0.4
2013-06-07,-0.07,1.06,-0.15
2013-06-10,-0.03,-0.25,-0.75
2013-06-11,-0.015,-0.87,-1
2013-06-12,0.145,0.21,-0.15
2013-06-13,0.08,0.16,-0.75
2013-06-14,-0.1,2.38,-0.25
2013-06-17,0.29,0.03,-0.1
2013-06-18,-0.26,-0.43,0.25
2013-06-19,-0.03,0.35,0.15
2013-06-20,-0.05,-0.97,0.1
2013-06-21,-0.12,-2.53,-0.15
2013-06-24,0.045,-1.45,-0.1
2013-06-25,0.125,0.44,0.25
2013-06-26,0,-0.19,-0.15
2013-06-27,0,1.45,0.05
2013-06-28,0.18,0.1,0
2013-07-01,0.095,0.27,-0.85
2013-07-02,-0.025,0.41,-0.15
2013-07-03,0.15,1.91,0.45
2013-07-04,-0.15,-0.04,-0.05
2013-07-05,-0.1,1.89,1
2013-07-08,0,0.16,-0.15
2013-07-09,0.05,0.22,0.05
2013-07-10,0.1,0.43,-0.25
2013-07-11,-0.015,0.24,0.3
2013-07-12,-0.185,0.21,-0.3
2013-07-15,-0.05,0.12,0.3
2013-07-16,-0.065,0.46,0.2
2013-07-17,0.085,-0.98,-0.05
2013-07-18,0.08,0.13,-0.2
2013-07-19,0.025,0.31,-0.25
2013-07-22,-0.025,-0.5,-0.2
2013-07-23,0.05,-0.05,0.5
2013-07-24,-0.025,-0.03,0
2013-07-25,-0.015,-0.73,0.1
2013-07-26,-0.03,-0.08,-0.1
2013-07-29,0.02,0.1,2.75
2013-07-30,-0.1,-0.33,-0.1
2013-07-31,0.05,0.39,-1.2
2013-08-01,-0.1,1.69,-0.2
2013-08-02,-0.3,0.45,-0.6
2013-08-05,0.03,-0.65,-0.35
2013-08-06,0.07,-0.21,-0.1
2013-08-07,0.125,-1.07,0.05
2013-08-08,-0.025,-0.3,-0.05
2013-08-09,0.03,0.46,0.3
2013-08-12,-0.33,0.81,-0.1
2013-08-13,0.02,0.93,0.1
2013-08-14,0.18,0.3,0.1
2013-08-15,0.05,1.17,-0.05
2013-08-16,-0.175,-0.83,0.1
2013-08-19,-0.05,0.3,-0.05
2013-08-20,-0.025,-0.27,-0.05
2013-08-21,0.025,-0.45,0
2013-08-22,0.125,-0.13,0.2
2013-08-23,-0.1,1.08,0.15
2013-08-27,-0.175,4.06,-0.25
2013-08-28,0.1,2.05,-0.15
2013-08-29,0.035,-0.3,0.2
2013-08-30,0.565,-1.51,0
2013-09-02,0.125,-0.96,0.85
2013-09-03,0.06,1.43,-0.05
2013-09-04,-0.01,0.09,0
2013-09-05,0.15,-0.54,0.3
2013-09-06,0.1,1.01,-0.6
2013-09-09,0.11,-0.38,0.25
2013-09-10,-0.06,-2.63,-0.1
2013-09-11,0.125,-1.06,0.2
2013-09-12,0.225,0.56,0.25
2013-09-13,-0.225,-0.14,0.3
2013-09-16,0.075,-1.42,-0.1
2013-09-17,-0.3,-1.49,0.8
2013-09-18,0.05,1.06,0.45
2013-09-19,-0.055,0.2,-0.15
2013-09-20,0.08,-1.59,-0.3
2013-09-23,-0.175,-0.22,0.6
2013-09-24,-0.12,-0.55,0.2
2013-09-25,0.02,1.19,-0.05
2013-09-26,0.06,-0.83,0
2013-09-27,0.19,0.41,-0.15
2013-09-30,0.46,-0.99,4.3
2013-10-01,0.01,-0.27,-1
2013-10-02,-0.08,1.07,0.95
2013-10-03,-0.165,0.37,-0.15
2013-10-04,0.175,-0.08,0.5
2013-10-07,0.275,0.4,0.15
2013-10-09,0.075,0.08,-0.35
2013-10-10,-0.14,1.75,0.1
2013-10-11,-0.11,-0.15,-0.4
2013-10-14,0.05,-0.44,0.1
2013-10-15,0.01,-0.14,-0.1
2013-10-16,-0.11,-0.04,0.4
2013-10-17,-0.04,-0.57,0.65
2013-10-18,-0.01,-0.42,0.25
2013-10-21,0.03,-0.05,0.1
2013-10-22,-0.13,0.75,0
2013-10-23,0.05,-0.88,-0.05
2013-10-24,0,-1.8,0.15
2013-10-25,-0.1,-0.87,0.05
2013-10-28,-0.075,2.29,2.45
2013-10-29,-0.125,-0.22,-0.25
2013-10-30,-0.15,0.7,-0.4
2013-10-31,0.745,-0.29,-2
2013-11-01,-0.195,-0.46,-0.65
2013-11-04,0.25,-2.83,-0.1
2013-11-05,0.2,-0.05,0.25
2013-11-06,-0.01,-0.12,0.65
2013-11-07,-0.19,-1.2,0.45
2013-11-08,0.075,0.17,-0.3
2013-11-11,0.25,1.18,0.05
2013-11-12,0.15,0.82,-0.85
2013-11-13,0,0.07,-0.1
2013-11-14,0.2,1.51,0.25
2013-11-15,0.325,-0.31,0.4
2013-11-18,-0.025,0.08,-0.05
2013-11-19,-0.125,-0.1,0.1
2013-11-20,-0.35,-0.25,0.65
2013-11-21,0,1.87,-0.1
2013-11-22,0,1.15,0
2013-11-25,-0.05,0.26,-0.35
2013-11-26,0.1,-0.17,0.4
2013-11-27,0.125,0.16,-0.1
2013-11-28,0.325,-0.1,0.15
2013-11-29,0.05,-0.05,-0.1
2013-12-02,0.25,0.84,-2.15
2013-12-03,0.625,0.59,0
2013-12-04,-0.375,0.09,-0.3
2013-12-05,-0.2,-0.79,0.65
2013-12-06,-0.225,-0.17,0.75
2013-12-09,-0.375,-0.27,0.3
2013-12-10,-0.05,-1.34,0.95
2013-12-11,-0.05,-0.56,0.55
2013-12-12,-0.25,0.09,0.65
2013-12-13,-0.025,-0.98,0.1
2013-12-16,0.125,1.8,-0.45
2013-12-17,-0.02,-1.39,-0.15
2013-12-18,0.095,0.32,-0.1
2013-12-19,-0.025,0.8,-0.25
2013-12-20,0.1,1.36,0.05
2013-12-23,-0.225,0.04,-0.1
2013-12-24,0.075,0.13,0
2013-12-27,-0.075,0.74,0.15
2013-12-30,-0.35,-0.16,-3.3
2013-12-31,0.225,-1.12,-0.2
2014-01-02,-0.15,-0.17,-0.8
2014-01-03,-0.2,-2.71,-1.25
2014-01-06,0.225,-0.68,0.25
2014-01-07,-0.175,-0.24,-0.15
2014-01-08,0.2,0.23,2.3
2014-01-09,-0.075,0.25,2.1
2014-01-10,-0.3,-0.62,-0.4
2014-01-13,-0.495,0.06,0.3
2014-01-14,-0.13,-0.5,-0.1
2014-01-15,0.025,0.41,0.6
2014-01-16,0.275,-0.2,0.1
2014-01-17,-0.025,-0.4,-0.15
2014-01-20,-0.2,-0.3,-0.35
2014-01-21,0.15,1.35,-0.2
2014-01-22,-0.025,0.33,-0.45
2014-01-23,-0.15,-0.05,-0.1
2014-01-24,0.2,-0.25,0.05
2014-01-27,-0.725,0.06,0
2014-01-28,-0.1,-0.3,0
2014-01-29,-0.175,0.26,-0.05
2014-01-30,-0.35,0.35,-0.05
2014-01-31,-0.175,-0.46,0
2014-02-03,-0.425,-1.22,-3.55
2014-02-04,0.15,-0.49,-0.2
2014-02-05,-0.55,0.21,0.1
2014-02-06,0.5,1.04,0.5
2014-02-07,0.05,2.26,-0.65
2014-02-10,-0.325,0.01,-0.35
2014-02-11,0.225,-0.51,0.25
2014-02-12,0.05,0.26,0.1
2014-02-13,-0.2,-0.66,-0.25
2014-02-14,-0.55,0.41,0.15
2014-02-17,-0.025,0.15,-0.5
2014-02-18,0.125,1.3,-0.15
2014-02-19,-0.25,0.12,-0.85
2014-02-20,-0.1,-0.33,-0.25
2014-02-21,-0.075,0.01,-0.15
2014-02-24,-0.7,0.27,-0.25
2014-02-25,0.025,-0.13,-0.05
2014-02-26,-0.25,-0.67,0
2014-02-27,0.5,-0.52,0
2014-02-28,0.15,-0.11,0
2014-03-03,1.85,3.05,-2.8
2014-03-04,-1,-1.07,-1.05
2014-03-05,-0.675,-1.96,-0.1
2014-03-06,0.375,-0.82,0.6
2014-03-07,0.35,0.55,-0.05
2014-03-10,-0.1,-0.24,-0.1
2014-03-11,-0.525,-0.15,1.15
2014-03-12,-0.25,-0.15,0.6
2014-03-13,0.125,-0.04,0.1
2014-03-14,0.35,0.18,0.2
2014-03-17,-0.25,-0.09,0.25
2014-03-18,-0.425,-1.75,-0.4
2014-03-19,-0.325,0.02,-0.1
2014-03-20,-0.25,-0.12,-0.2
2014-03-21,0.075,1.02,0.2
2014-03-24,-0.625,-0.27,-0.05
2014-03-25,-0.075,-0.02,-0.25
2014-03-26,0.125,-0.13,0
2014-03-27,-0.275,0.64,0
2014-03-28,-0.225,0.4,0.1
2014-03-31,-0.45,-0.06,2.35
2014-04-01,-0.1,-0.53,-0.5
2014-04-02,-1.05,-1.95,-0.9
2014-04-03,-0.15,0.47,0.3
2014-04-04,0.05,0.72,-0.25
2014-04-07,1.05,-0.41,0.45
2014-04-08,0.6,1.22,-0.6
2014-04-09,-0.1,0.29,-0.05
2014-04-10,-0.5,-0.22,0.8
2014-04-11,0.4,-0.05,-0.1
2014-04-14,0.5,1.25,0.25
2014-04-15,-0.325,-0.01,0.3
2014-04-16,0.125,1.25,0.25
2014-04-17,-0.35,-0.17,-0.65
2014-04-22,-0.6,-0.2,-0.1
2014-04-23,-0.65,-0.45,0.1
2014-04-24,-0.025,1.11,-0.05
2014-04-25,-0.075,-0.02,0.05
2014-04-28,0.05,-0.43,-0.2
2014-04-29,-0.54,-0.83,-0.5
2014-04-30,0.265,-0.57,-1.1
2014-05-01,-0.325,-0.68,-0.15
2014-05-02,0.55,0.87,0.1
2014-05-06,-0.3,-0.78,0.3
2014-05-07,-0.5,0.04,-0.45
2014-05-08,0.3,-0.1,0.3
2014-05-09,0.4,0.87,0.1
2014-05-12,-0.15,-0.25,-0.25
2014-05-13,0,0.69,0.1
2014-05-14,-0.225,0.95,0.2
2014-05-15,-0.025,0.19,0
2014-05-16,-0.275,-0.55,-0.05
2014-05-19,0.025,0.28,-0.15
2014-05-20,0,-0.33,-0.2
2014-05-21,0.2,0.73,0.05
2014-05-22,0.025,0.31,0.15
2014-05-23,0.025,-0.34,-0.1
2014-05-27,-0.375,0.1,-0.2
2014-05-28,-0.025,-0.4,0
2014-05-29,-0.35,0.06,0
2014-05-30,0.122,-0.33,-0.05
2014-06-02,-0.422,-0.26,-0.45
2014-06-03,-0.25,-0.89,-0.15
2014-06-04,-0.3,0.52,-0.25
2014-06-05,-0.5,-0.54,-0.95
2014-06-06,-0.5,0.35,-0.2
2014-06-09,0.2,0.85,0
2014-06-10,0.375,0.16,-0.05
2014-06-11,-0.225,-0.07,-0.1
2014-06-12,0.45,3.09,0
2014-06-13,0.35,1.35,0.3
2014-06-16,0.8,-1.41,0.15
2014-06-17,-1,0.52,-0.25
2014-06-18,-0.4,0.74,-0.25
2014-06-19,-0.125,1.17,0.1
2014-06-20,0.175,-0.6,-0.15
2014-06-23,-0.325,0.55,-0.1
2014-06-24,0.075,-0.83,-0.15
2014-06-25,0,-0.18,0.15
2014-06-26,-0.15,-0.36,-0.05
2014-06-27,-0.025,-0.58,0
2014-06-30,0.5,-0.41,0.9
2014-07-01,-0.625,-0.47,0.2
2014-07-02,-0.3,-0.41,0.15
2014-07-03,-0.1,-1.25,-0.8
2014-07-04,-0.625,0.12,0.05
2014-07-07,-0.425,-0.37,0.05
2014-07-08,0.125,-0.76,-0.1
2014-07-09,0.225,-1.16,-0.4
2014-07-10,-0.55,-0.12,0
2014-07-11,-0.075,-0.14,0
2014-07-14,0.775,-1.24,0.4
2014-07-15,-0.1,-0.6,0.05
2014-07-16,0.25,-0.32,-0.05
2014-07-17,0.7,2.02,0.15
2014-07-18,0,0.02,0.05
2014-07-21,-0.575,-0.75,0.1
2014-07-22,-0.05,0.53,0.15
2014-07-23,0.375,-0.15,0.2
2014-07-24,0.45,-0.04,0.15
2014-07-25,1.075,0.25,-0.1
2014-07-28,0.525,-0.08,4.95
2014-07-29,0.15,-0.33,-1
2014-07-30,-0.95,-0.19,-1
2014-07-31,0.45,-1.27,-0.15
2014-08-01,0.125,-0.47,0
2014-08-04,-1.075,-0.41,0.3
2014-08-05,0.075,-0.06,0.4
2014-08-06,0.675,-0.21,0.25
2014-08-07,0.1,0.48,0.6
2014-08-08,0.25,0.93,0.4
2014-08-11,-0.175,-1.42,-0.7
2014-08-12,-0.275,-0.82,-0.15
2014-08-13,-0.1,-0.26,0.05
2014-08-14,0.4,-0.02,-0.6
2014-08-15,0.7,-0.57,0.8
2014-08-18,-0.525,-0.46,-0.8
2014-08-19,-0.325,-1.23,-0.1
2014-08-20,-0.55,0.3,0.15
2014-08-21,-0.45,0.42,0.1
2014-08-22,1,0.04,-0.1
2014-08-26,0.325,0.57,0.1
2014-08-27,-0.475,-0.33,0
2014-08-28,1.15,0.13,0
2014-08-29,2.8,0.1,-0.05
2014-09-01,0.8,0,0.2
2014-09-02,-0.05,-0.44,-0.6
2014-09-03,-1.05,0.27,-0.4
2014-09-04,0.625,-0.18,-0.55
2014-09-05,-0.375,-0.51,-0.4
2014-09-08,-0.35,-1.44,0.7
2014-09-09,-0.05,-0.38,-0.7
2014-09-10,-0.15,-1.15,0.15
2014-09-11,0.3,-0.98,0.15
2014-09-12,-0.175,0.31,0.25
2014-09-15,0.575,-1.47,-0.2
2014-09-16,0.2,2.12,-0.3
2014-09-17,-0.325,0.16,0
2014-09-18,0.325,-0.47,-0.05
2014-09-19,0,-0.65,-0.1
2014-09-22,-0.15,0.01,-0.05
2014-09-23,-0.125,-0.91,0
2014-09-24,-0.225,-0.26,-0.05
2014-09-25,0.375,0.23,0
2014-09-26,0.325,-0.06,0
2014-09-29,-0.35,-0.16,-2.85
2014-09-30,2.15,0.46,0.05
2014-10-01,0.2,-1.57,0.45
2014-10-02,-0.2,-1.86,0.55
2014-10-03,-0.55,-0.31,-0.8
2014-10-06,-0.4,-0.85,-0.2
2014-10-07,0,-0.22,0.05
2014-10-08,0.15,-1.1,0.4
2014-10-09,0.3,-0.04,-0.3
2014-10-10,-0.275,-1.36,0.1
2014-10-13,-0.725,-0.31,-0.25
2014-10-14,0,-1.44,-0.1
2014-10-15,-0.225,-3.12,0.05
2014-10-16,0.325,-0.62,-0.2
2014-10-17,-0.05,2.34,-0.55
2014-10-20,-0.45,-0.64,0.6
2014-10-21,0.125,-0.21,0.2
2014-10-22,0.225,0.58,0.7
2014-10-23,0,0.12,0.1
2014-10-24,-0.4,-0.41,-0.05
2014-10-27,-0.025,-0.53,-0.1
2014-10-28,0.3,0.13,-0.15
2014-10-29,0.2,1.56,0.15
2014-10-30,-0.15,-0.84,0
2014-10-31,0.425,-0.85,0
2014-11-03,0.15,0.15,-0.85
2014-11-04,-0.325,-1.97,-0.45
2014-11-05,-0.2,0.02,0
2014-11-06,0.1,-1.18,-0.3
2014-11-07,0.375,0.59,0.65
2014-11-10,0.1,1.11,1.15
2014-11-11,-0.35,-2.59,0.6
2014-11-12,0.05,-0.73,-0.25
2014-11-13,-0.375,-1.45,0.25
2014-11-14,-0.3,-0.45,-0.25
2014-11-17,0.425,-0.15,0.5
2014-11-18,0.025,0.35,0.25
2014-11-19,0.025,-0.5,-0.2
2014-11-20,0.3,0.5,-0.05
2014-11-21,0.2,1.66,0.15
2014-11-24,0.55,-0.76,-0.1
2014-11-25,0.825,-0.41,0.1
2014-11-26,0.375,-1.58,0
2014-11-27,-0.4,-1.4,0
2014-11-28,-0.15,-4.05,-0.15
2014-12-01,-0.375,-0.39,-0.9
2014-12-02,-0.375,0.01,-0.4
2014-12-03,-0.15,-1.57,-0.4
2014-12-04,-0.2,-0.86,-0.05
2014-12-05,-0.1,-0.78,-0.15
2014-12-08,-0.25,-1.03,-0.3
2014-12-09,0.1,-1.75,0.1
2014-12-10,0.125,-0.68,-0.15
2014-12-11,-0.55,-1.23,0.2
2014-12-12,-0.025,-1.47,-0.35
2014-12-15,-0.225,-0.41,0.05
2014-12-16,-0.025,-2.24,-0.25
2014-12-17,0.3,2.39,-0.05
2014-12-18,0.025,0.3,0.05
2014-12-19,-0.275,-1.04,-0.05
2014-12-22,-0.3,0.31,0.05
2014-12-23,0.14,-0.83,-0.15
2014-12-24,0.285,-0.43,-0.05
2014-12-29,-0.825,-1.28,-3.85
2014-12-30,-0.65,-2.04,-0.45
2014-12-31,0.125,-0.71,-0.05
2015-01-02,-0.1,0.86,-1.25
2015-01-05,-1.025,-2.24,-1.75
2015-01-06,0.1,-2.7,-1.05
2015-01-07,-0.675,-1.76,-1.85
2015-01-08,0.375,0.07,-0.25
2015-01-09,-0.125,-0.47,-0.5
2015-01-12,0.025,-1.46,-0.75
2015-01-13,0.5,-2.69,0.3
2015-01-14,0.35,1.92,-0.85
2015-01-15,-0.3,1.41,-0.6
2015-01-16,-0.325,-0.21,-0.3
2015-01-19,-0.7,-0.06,0.15
2015-01-20,-0.08,-0.87,0.05
2015-01-21,0.205,0.11,0.55
2015-01-22,0.075,0.86,-0.05
2015-01-23,0.065,-0.65,-0.05
2015-01-26,0.16,-0.51,0
2015-01-27,0.07,0.7,0.05
2015-01-28,0.28,-0.27,0.15
2015-01-29,0.6,-0.47,0.1
2015-01-30,-0.25,3.83,-0.05
2015-02-02,0.1,2.54,-1.1
2015-02-03,-0.375,3.38,0.9
2015-02-04,0.125,-0.94,0.15
2015-02-05,0.95,-0.19,2.05
2015-02-06,-0.05,1.19,0.45
2015-02-09,0.85,0.55,0.5
2015-02-10,0.95,-1.04,-0.1
2015-02-11,0.2,-1.57,0.5
2015-02-12,1,0.5,0.6
2015-02-13,-0.1,4.27,-0.3
2015-02-16,-1.07,0.8,0.1
2015-02-17,-0.48,0.43,-0.1
2015-02-18,0.3,-0.54,0
2015-02-19,-0.525,-1.47,-0.45
2015-02-20,-0.195,0.16,0.25
2015-02-23,-0.355,-0.48,-0.2
2015-02-24,0.65,-0.37,-0.3
2015-02-25,0.675,1.9,-0.15
2015-02-26,0.875,0.43,0.2
2015-02-27,-0.91,0.2,0
2015-03-02,-0.33,-0.33,1.55
2015-03-03,-0.785,-0.69,-1
2015-03-04,0.285,-0.87,0.45
2015-03-05,0.065,0.63,-0.2
2015-03-06,-1.15,-0.27,-0.95
2015-03-09,0.4,-1.28,0.3
2015-03-10,0.05,-1.3,-0.05
2015-03-11,0.425,-0.77,0.2
2015-03-12,0.125,0.86,0
2015-03-13,-0.475,-1.41,-0.15
2015-03-16,0.025,-2.76,-0.45
2015-03-17,-0.55,-0.26,-0.15
2015-03-18,0.3,2.46,0.1
2015-03-19,-0.275,-0.64,-0.45
2015-03-20,-0.275,-0.53,-0.05
2015-03-23,-0.05,0.52,-0.05
2015-03-24,0.215,0.6,0
2015-03-25,0.06,0.38,0.1
2015-03-26,0.6,2.61,-0.1
2015-03-27,0.345,-0.74,0.15
2015-03-30,-0.345,-2.39,-1.85
2015-03-31,-0.3,-0.32,-0.35
2015-04-01,0.425,1.36,-0.15
2015-04-02,0.4,-0.41,-0.15
2015-04-07,-0.85,1.99,-0.9
2015-04-08,0.175,-0.55,-0.25
2015-04-09,0.25,-0.7,1
2015-04-10,-0.25,0.1,0.65
2015-04-13,0.34,1.42,0.55
2015-04-14,0.085,-0.3,-0.1
2015-04-15,-0.325,1.21,0.1
2015-04-16,0.07,4.5,0.35
2015-04-17,-0.47,-0.45,0
2015-04-20,-0.255,-0.1,-0.05
2015-04-21,0.255,-0.88,-0.15
2015-04-22,-0.065,-0.19,-0.2
2015-04-23,-0.215,2.25,0.05
2015-04-24,0.025,0.22,0.05
2015-04-27,0.23,-0.19,-0.25
2015-04-28,-0.4,-0.12,0
2015-04-29,0.02,1.23,0.55
2015-04-30,-0.27,0.21,0.05
2015-05-01,-0.325,0,-0.1
2015-05-05,-0.025,1.47,0.25
2015-05-06,0.125,1.23,-0.15
2015-05-07,-0.175,-1.14,-0.35
2015-05-08,0.38,-2.37,-0.1
2015-05-11,0.295,-0.37,-0.05
2015-05-12,-0.1,1.71,-0.15
2015-05-13,0.125,0.71,0
2015-05-14,-0.525,-0.88,-0.2
2015-05-15,0.125,-0.29,-0.1
2015-05-18,-0.25,0.88,0
2015-05-19,-0.015,-1.49,-0.15
2015-05-20,0.14,-1.21,0
2015-05-21,-0.06,1.7,-0.15
2015-05-22,-0.09,-0.24,0
2015-05-26,0.16,-0.94,0
2015-05-27,-0.035,-1.03,0.05
2015-05-28,0.175,-1.72,0
2015-05-29,-0.275,2.88,0.05
2015-06-01,0,-0.03,-1.2
2015-06-02,-0.12,0.08,0.55
2015-06-03,0.045,-0.48,-0.8
2015-06-04,-0.17,-1.32,-0.5
2015-06-05,0,-0.65,-0.1
2015-06-08,0.2,-0.05,0
2015-06-09,0.02,1.85,-0.05
2015-06-10,0.075,1.13,0.05
2015-06-11,-0.155,-0.3,0.5
2015-06-12,-0.145,-1.11,0.45
2015-06-15,0.01,-0.99,0.15
2015-06-16,0.055,0.45,-0.05
2015-06-17,-0.065,1.06,0.15
2015-06-18,0,-0.51,0
2015-06-19,0.175,-0.4,0
2015-06-22,0.425,-0.82,0.3
2015-06-23,0.19,1.15,-0.15
2015-06-24,-0.215,0.16,-0.05
2015-06-25,-0.205,-1.1,0.1
2015-06-26,0.035,-0.33,0
2015-06-29,-0.095,-0.66,0.9
2015-06-30,0.065,0.87,1
2015-07-01,0.225,-0.48,-0.35
2015-07-02,0.15,-0.15,-0.25
2015-07-03,0.15,-1.14,-0.55
2015-07-06,-0.15,-2.06,-0.45
2015-07-07,-0.195,-2.17,-0.35
2015-07-08,-0.03,-0.08,0.2
2015-07-09,0.075,1.52,0.15
2015-07-10,0.175,0.39,0.25
2015-07-13,0.075,-0.83,-0.2
2015-07-14,0.1,-0.01,0.1
2015-07-15,0,-0.01,-0.3
2015-07-16,0.05,-0.6,0
2015-07-17,-0.125,-0.86,0.05
2015-07-20,0.025,0.09,0.15
2015-07-21,-0.025,0,0.05
2015-07-22,-0.25,-0.54,0
2015-07-23,-0.175,-0.37,-0.1
2015-07-24,-0.08,-0.93,0.05
2015-07-27,0.005,-0.71,0
2015-07-28,0.25,-0.81,-0.1
2015-07-29,-0.025,0.25,0
2015-07-30,0.175,0.05,0
2015-07-31,0.05,-0.91,0
2015-08-03,-0.575,-1.46,-2.05
2015-08-04,0.01,-1.56,0.65
2015-08-05,-0.16,0.54,-0.25
2015-08-06,0.15,-1.16,1.05
2015-08-07,-0.2,0.23,-0.7
2015-08-10,-0.185,0.43,0.25
2015-08-11,0.18,0.61,-1
2015-08-12,-0.325,-1.09,0
2015-08-13,-0.145,0.38,0.15
2015-08-14,-0.2,-0.87,-0.25
2015-08-17,-0.165,-0.08,0
2015-08-18,0.115,-0.4,-0.25
2015-08-19,-0.1,0.07,-0.1
2015-08-20,-0.325,-1.73,0
2015-08-21,-0.025,-0.87,-0.05
2015-08-24,-0.545,-1.05,-0.1
2015-08-25,0.27,-0.96,0
2015-08-26,0.15,-0.74,0
2015-08-27,0.125,3.99,0
2015-08-28,0.025,3.23,0
2015-09-01,0.5,2.49,-0.55
2015-09-02,0.025,-2.47,-0.4
2015-09-03,0.175,1.46,0.3
2015-09-04,-0.12,-1.41,-0.6
2015-09-07,-0.005,-1.61,-0.9
2015-09-08,-0.2,0.41,0.25
2015-09-09,0.075,0.19,-0.3
2015-09-10,-0.1,-1.09,0.2
2015-09-11,-0.025,0.03,0.05
2015-09-14,0.03,-0.63,-0.2
2015-09-15,-0.155,-1.45,-0.1
2015-09-16,0.025,3.44,0.6
2015-09-17,-0.015,-0.2,0
2015-09-18,-0.26,-0.39,-0.05
2015-09-21,-0.125,-0.76,-0.1
2015-09-22,0.125,0.22,-0.1
2015-09-23,0.1,1.04,0
2015-09-24,-0.325,-1.78,-0.05
2015-09-25,0.025,0.63,0
2015-09-28,-0.15,-0.66,-1.8
2015-09-29,-0.1,0.21,0.05
2015-09-30,0.2,0.35,-0.5
2015-10-01,-0.05,0.84,-0.6
2015-10-02,-0.35,-1.34,0.1
2015-10-05,0.2,1.37,0.9
2015-10-06,0.5,2.39,0.65
2015-10-07,0.05,0.89,-0.4
2015-10-08,-0.2,0.37,-0.1
2015-10-09,0.15,0.53,0.25
2015-10-12,-0.525,-0.74,-0.35
2015-10-13,-0.1,-2.61,-0.15
2015-10-14,-0.325,-1.18,-0.25
2015-10-15,0.15,-0.14,0.1
2015-10-16,0,1.32,0.1
2015-10-19,0.26,-0.02,0
2015-10-20,-0.085,-1.48,0.05
2015-10-21,-0.275,-0.55,0
2015-10-22,0.075,0.08,0.05
2015-10-23,0.1,-0.08,0.2
2015-10-26,-0.25,-0.32,0.3
2015-10-27,0.075,-0.76,0.2
2015-10-28,0,1.66,-0.1
2015-10-29,0.1,0.15,-0.05
2015-10-30,-0.1,0.62,-0.05
2015-11-02,-0.25,-0.31,0.75
2015-11-03,-0.01,1.22,0.4
2015-11-04,0.335,-0.04,-0.45
2015-11-05,-0.325,-1.87,0
2015-11-06,0,-0.42,0.15
2015-11-09,-0.25,-0.17,-0.3
2015-11-10,-0.14,-0.55,0.25
2015-11-11,-0.235,-0.13,0.25
2015-11-12,-0.2,-1.46,-0.05
2015-11-13,0.125,-1.42,0
2015-11-16,0.23,0.33,0.5
2015-11-17,0.47,-0.08,0.5
2015-11-18,-0.05,-0.36,0.15
2015-11-19,-0.3,0.02,-0.05
2015-11-20,-0.065,0.74,-0.2
2015-11-23,-0.26,0.23,-0.35
2015-11-24,0.325,0.77,-0.05
2015-11-25,0.05,0,0
2015-11-26,0.15,-0.18,-0.1
2015-11-27,-0.15,-0.69,0
2015-11-30,0.575,0.12,-3.9
2015-12-01,0.275,-0.57,-0.25
2015-12-02,-0.25,-0.54,-0.6
2015-12-03,-0.56,0.05,-0.15
2015-12-04,-0.14,0.13,-0.4
2015-12-07,-0.25,-1.56,-0.8
2015-12-08,-0.4,-1.81,-0.35
2015-12-09,-0.125,0.14,0.05
2015-12-10,-0.225,-0.89,-0.05
2015-12-11,-0.05,-0.96,-0.05
2015-12-14,-0.45,-1.31,0.3
2015-12-15,0.1,0.98,0.05
2015-12-16,-0.125,-0.96,0.05
2015-12-17,-0.275,-0.52,0
2015-12-18,-0.075,-0.2,0.05
2015-12-21,-0.475,-0.98,-0.2
2015-12-22,0.025,-0.03,0
2015-12-23,-0.25,1.16,0.2
2015-12-24,-0.425,0.22,0
2015-12-28,0.33,-0.15,-0.8
2015-12-29,0.77,0.03,0.4
2015-12-30,-0.25,-0.43,0
2015-12-31,-0.425,0.4,0.65
2016-01-04,-0.105,1.04,-0.35
2016-01-05,0.28,-1.42,0.05
2016-01-06,0.275,-0.9,0.7
2016-01-07,0.2,-1.93,0.05
2016-01-08,-0.5,-0.02,-1.35
2016-01-11,-0.15,-1.34,-0.45
2016-01-12,-0.725,-1,-0.5
2016-01-13,0.2,-0.46,-0.35
2016-01-14,-0.475,-0.69,-0.15
2016-01-15,-0.15,-0.21,-0.35
2016-01-18,-0.35,-1.44,-0.05
2016-01-19,0.25,0.66,0.15
2016-01-20,-0.66,-1.49,0
2016-01-21,-0.24,1.09,0.35
2016-01-22,0.865,2.46,0.05
2016-01-25,-0.54,0.51,-0.15
2016-01-26,-0.05,-0.09,0
2016-01-27,0.45,0.77,0
2016-01-28,0.45,2.35,0.05
2016-01-29,0.05,-0.84,0
2016-02-01,-0.685,1.25,-1.45
2016-02-02,-0.415,-2.07,0.75
2016-02-03,0.15,1.35,0.15
2016-02-04,-0.275,0.31,-0.7
2016-02-05,-0.425,-0.7,-0.35
2016-02-08,0.05,-0.46,0
2016-02-09,0.1,-1.12,-0.45
2016-02-10,-0.425,-1.66,-0.1
2016-02-11,-0.125,-0.55,0
2016-02-12,0.175,2.09,-0.05
2016-02-15,-0.025,0.65,-0.05
2016-02-16,0,1.46,-0.05
2016-02-17,-0.17,-0.56,0.1
2016-02-18,0.295,0.74,-0.15
2016-02-19,-0.1,-1.27,0.1
2016-02-22,0.355,0.51,0.1
2016-02-23,0,0.14,0.4
2016-02-24,-0.315,-0.44,-0.15
2016-02-25,-0.09,1.07,-0.05
2016-02-26,0.125,1.26,0.05
2016-02-29,0.025,-0.77,0.45
2016-03-01,0.025,1.02,0.45
2016-03-02,0.05,0.15,-0.05
2016-03-03,-0.225,-0.03,1.25
2016-03-04,-0.155,1.58,0.4
2016-03-07,-0.045,2.09,0.35
2016-03-08,0.225,0.44,-0.4
2016-03-09,0.025,-0.3,0.25
2016-03-10,-0.075,-0.17,0
2016-03-11,0,0.02,-0.15
2016-03-14,0,-0.38,-0.5
2016-03-15,0,-0.91,0
2016-03-16,0,0.7,0.05
2016-03-17,0.04,1.16,0.45
2016-03-18,0.035,0.94,0.2
2016-03-21,-0.175,-0.66,-0.05
2016-03-22,0,0.2,-0.25
2016-03-23,0.04,-0.26,-0.05
2016-03-24,0.08,-1.18,0
2016-03-29,0.005,-0.39,-1.8
2016-03-30,0.025,0.36,0.15
2016-03-31,-0.15,-0.61,0.35
2016-04-01,-0.125,0.43,-0.1
2016-04-04,-0.325,-1.51,-0.25
2016-04-05,-0.15,-0.48,0.1
2016-04-06,0.05,1.5,-0.25
2016-04-07,-0.1,0.35,-0.5
2016-04-08,-0.075,1.72,0.75
2016-04-11,0.025,1.05,0.25
2016-04-12,0.05,1.75,-0.1
2016-04-13,0.025,0.13,0
2016-04-14,-0.05,-0.32,0.75
2016-04-15,-0.055,-0.57,0.15
2016-04-18,0.205,-0.62,0.3
2016-04-19,0.26,1.07,0
2016-04-20,0.24,1.38,-0.3
2016-04-21,0.75,0.3,-0.2
2016-04-22,0.425,-0.28,0.1
2016-04-25,0.02,-0.31,0
2016-04-26,0.955,0.9,0.05
2016-04-27,0.225,0.96,0
2016-04-28,-0.4,0.74,0.05
2016-04-29,-0.95,0.31,0
2016-05-02,-0.6,-1.1,0.1
2016-05-03,-0.1,-1,-0.4
2016-05-04,0.27,-0.39,0.35
2016-05-05,0.83,0.76,0.6
2016-05-06,-0.35,-0.65,1
2016-05-09,0.55,0.36,-0.1
2016-05-10,-0.475,-0.78,0.05
2016-05-11,0.1,2.05,0.4
2016-05-12,0.275,0.44,0.35
2016-05-13,-0.425,-0.07,-0.2
2016-05-16,0.125,1.35,0.3
2016-05-17,0.15,0.28,0.1
2016-05-18,-0.125,0.1,-0.35
2016-05-19,-0.15,-0.97,0.05
2016-05-20,0.075,0.51,0.15
2016-05-23,-0.17,-0.55,-0.35
2016-05-24,0.095,0.4,0.1
2016-05-25,0.375,0.72,0.15
2016-05-26,0.35,0.55,0.15
2016-05-27,0.2,-0.96,0
2016-05-30,-0.04,0.28,2.7
2016-05-31,0.3,0.22,0.25
2016-06-01,0,-0.05,-0.4
2016-06-02,0.29,0.3,0.35
2016-06-03,-0.075,0.03,0.8
2016-06-06,0.08,0.5,1.1
2016-06-07,0.195,0.71,-1
2016-06-08,0,1.26,-1
2016-06-09,-0.35,0.06,-0.15
2016-06-10,-0.275,-0.76,-0.05
2016-06-13,-0.175,-1.31,-0.4
2016-06-14,0.275,-0.74,0.05
2016-06-15,0.375,-0.25,0.15
2016-06-16,-0.275,-1.03,0.1
2016-06-17,0.275,0.63,0.3
2016-06-20,0.675,1.28,0.5
2016-06-21,-0.025,0.42,-0.3
2016-06-22,0.25,0.14,0.1
2016-06-23,-0.05,-0.06,0
2016-06-24,-0.175,-0.44,0
2016-06-27,-0.6,-1.84,1.85
2016-06-28,-0.325,-0.11,0.3
2016-06-29,0.125,1.95,0.3
2016-06-30,0.15,-0.46,1.25
2016-07-01,-0.175,0.38,1.4
2016-07-04,0.225,0.09,0.65
2016-07-05,-0.255,-0.7,-0.5
2016-07-06,-0.17,-0.74,0
2016-07-07,0.28,0.28,0.55
2016-07-08,-0.205,-2.36,-0.65
2016-07-11,-0.135,-0.13,-0.1
2016-07-12,0.21,1.47,1.35
2016-07-13,0.025,-0.37,0.5
2016-07-14,0.05,-0.73,-0.1
2016-07-15,-0.02,0.78,-0.15
2016-07-18,0.045,-0.3,-0.35
2016-07-19,-0.025,-0.46,-0.45
2016-07-20,0.3,0,-0.2
2016-07-21,0.325,0.07,0
2016-07-22,-0.095,-1.06,-0.25
2016-07-25,0.08,-0.63,0.3
2016-07-26,-0.235,-0.91,0.1
2016-07-27,-0.3,-0.05,0.1
2016-07-28,-0.075,-1.19,-0.05
2016-07-29,0.14,-0.89,0
2016-08-01,-0.215,1.02,4.6
2016-08-02,-0.375,-0.67,-0.15
2016-08-03,-0.2,0.29,-0.4
2016-08-04,0.03,0.87,-0.8
2016-08-05,-0.13,0.15,-1.65
2016-08-08,-0.35,1.22,1.4
2016-08-09,-0.325,0.06,0.65
2016-08-10,0.22,-0.09,-1.1
2016-08-11,-0.37,0.62,0.6
2016-08-12,-0.05,0.95,1.15
2016-08-15,-0.795,1.29,-0.45
2016-08-16,-0.03,0.82,0.05
2016-08-17,0.15,0.57,0
2016-08-18,0.025,1.12,-0.55
2016-08-19,-0.7,0.17,-0.4
2016-08-22,-0.075,-0.52,0.25
2016-08-23,0.325,-0.49,-0.3
2016-08-24,-0.4,-0.34,-0.15
2016-08-25,-0.06,-0.09,0.3
2016-08-26,0.31,0.98,0.1
2016-08-29,0.25,-1.16,-0.55
2016-08-30,-0.2,0.16,1.45
2016-08-31,1.325,-1.34,0.1
2016-09-01,-0.225,-1.18,-0.05
2016-09-02,0.275,-0.22,0.65
2016-09-05,0.175,2.38,-0.35
2016-09-06,-0.625,-1.41,0.2
2016-09-07,-0.325,0.57,-1.05
2016-09-08,-0.14,1.58,-0.85
2016-09-09,-0.035,-0.44,0.25
2016-09-12,-0.13,-1.07,0.25
2016-09-13,0.305,-0.41,0.45
2016-09-14,0.095,-0.74,-0.3
2016-09-15,0.31,-0.48,0.6
2016-09-16,0.345,-0.59,0
2016-09-19,0.5,0.52,0.4
2016-09-20,-0.2,-0.63,0
2016-09-21,0.125,0.84,0.75
2016-09-22,0.455,0.69,-0.15
2016-09-23,0.27,0.43,0.5
2016-09-26,-0.075,-0.6,-0.05
2016-09-27,-0.1,-0.38,-0.3
2016-09-28,0.275,1.68,0.55
2016-09-29,0.25,0.85,0.05
2016-09-30,1.3,-0.56,-0.05
2016-10-03,0.225,1.89,10.7
2016-10-04,0.17,0.41,2.1
2016-10-05,0.255,0.54,0.1
2016-10-06,0.4,0.66,1.5
2016-10-07,-0.075,0.09,-0.2
2016-10-10,-0.725,0.89,-1.35
2016-10-11,-0.16,-0.41,-1.2
2016-10-12,-0.14,-0.45,0.55
2016-10-13,0.3,-0.72,0.6
2016-10-14,0.175,0.4,0.15
2016-10-17,0.225,-0.26,1.7
2016-10-18,0.45,-0.14,2.65
2016-10-19,0.1,0.99,-0.3
2016-10-20,0.2,-0.42,-1.3
2016-10-21,-0.3,-0.78,0.65
2016-10-24,0.6,0.07,0.1
2016-10-25,0.17,-0.18,0
2016-10-26,0.105,-1.14,0.25
2016-10-27,-0.15,0.21,-0.05
2016-10-28,-0.175,-0.32,0.1
2016-10-31,0.575,-0.86,4.8
2016-11-01,0.5,-0.46,1.95
2016-11-02,0.58,-1.24,-0.55
2016-11-03,0.395,-0.5,0.25
2016-11-04,-0.905,-0.96,1.05
2016-11-07,0.08,-0.18,0.95
2016-11-08,-0.925,0.31,-1
2016-11-09,0.34,0.26,2.55
2016-11-10,0.26,-0.03,-0.65
2016-11-11,0.025,-1.03,0.5
2016-11-14,-0.475,-0.9,-1.45
2016-11-15,0.1,2.26,0.25
2016-11-16,0.325,0.31,-1.2
2016-11-17,-0.525,0.06,-0.5
2016-11-18,0.3,-0.63,-0.15
2016-11-21,-0.45,2.16,0.45
2016-11-22,0.1,0.81,0.35
2016-11-23,0.175,-0.46,-2.1
2016-11-24,-0.025,-0.29,1.6
2016-11-25,-0.025,-0.19,0.35
2016-11-28,0.245,-0.21,-2.65
2016-11-29,0.18,-0.71,0.4
2016-11-30,0,2.39,0.85
2016-12-01,-0.13,4.04,-0.45
2016-12-02,-0.27,-0.03,-1
2016-12-05,-0.295,0.83,-1.05
2016-12-06,-0.695,-0.39,-3.85
2016-12-07,-0.41,-0.71,1.25
2016-12-08,0.1,-0.18,2.1
2016-12-09,0.2,0.41,1.35
2016-12-12,0.4,3.43,2.25
2016-12-13,0.1,-1.45,1.35
2016-12-14,-0.125,-0.63,1.35
2016-12-15,0.125,-1.31,1.2
2016-12-16,0.35,0.88,-0.7
2016-12-19,-0.125,0.42,-0.4
2016-12-20,0.2,0.12,1
2016-12-21,0.025,-0.05,0.25
2016-12-22,0.5,-0.64,-0.25
2016-12-23,0,0.02,0.05
2016-12-27,0.3,1.9,0
2016-12-28,0.35,-0.59,0.55
2016-12-29,0.7,0.07,0
2016-12-30,0.3,0.57,-0.4
2017-01-03,-0.7,1.17,-6.2
2017-01-04,-0.225,-1.82,-0.25
2017-01-05,0.3,0.8,2
2017-01-06,0.025,0.12,-1
2017-01-09,-0.05,-0.47,-0.7
2017-01-10,0.8,-1.64,2.35
2017-01-11,0.58,0.31,2.35
2017-01-12,0.345,0.76,-0.15
2017-01-13,-0.625,-0.22,-0.4
2017-01-16,-0.495,-0.29,-0.15
2017-01-17,-0.055,1.03,1.75
2017-01-18,0.25,-1.05,0.15
2017-01-19,0.25,-1.13,-1.4
2017-01-20,0.42,1.03,0.65
2017-01-23,0.705,-0.05,0.8
2017-01-24,-0.45,0.12,-0.8
2017-01-25,-0.475,-0.22,-0.35
2017-01-26,-0.38,0.9,-0.35
2017-01-27,-0.37,-0.05,0.1
2017-01-30,0.935,-0.8,-6.1
2017-01-31,0.465,0.3,1.25
2017-02-01,0.825,0.83,1.95
2017-02-02,0.525,0.62,-0.4
2017-02-03,0.08,-0.15,-0.75
2017-02-06,-0.43,-0.17,-0.25
2017-02-07,-0.5,-1.15,-0.2
2017-02-08,-1,-0.3,-0.35
2017-02-09,-0.05,0.24,-0.95
2017-02-10,-0.605,0.96,-1.7
2017-02-13,-0.22,-0.07,-0.65
2017-02-14,-0.45,-0.35,0.3
2017-02-15,-0.325,-0.21,0.75
2017-02-16,0.3,-0.01,0.25
2017-02-17,-0.45,-0.36,0.05
2017-02-20,-0.115,0.54,0.4
2017-02-21,-0.085,0.89,0
2017-02-22,-0.4,-0.3,-0.1
2017-02-23,0.2,0.25,0
2017-02-24,-0.4,-0.6,0
2017-02-27,-0.35,0.11,-3.05
2017-02-28,-0.15,-0.62,-0.9
2017-03-01,-0.275,0.9,0.5
2017-03-02,-0.025,-0.61,-0.65
2017-03-03,-0.325,-0.49,-0.45
2017-03-06,-0.15,0.3,-0.75
2017-03-07,0.27,0.4,-1
2017-03-08,-0.67,-0.88,0.3
2017-03-09,-0.095,-1.91,-1.4
2017-03-10,0.195,-0.84,0.9
2017-03-13,-0.505,-1.32,0.25
2017-03-14,0.23,0.16,-0.6
2017-03-15,0.15,0.29,-0.1
2017-03-16,-0.125,0.5,-0.45
2017-03-17,-0.19,-0.47,0.15
2017-03-20,-0.11,-0.24,-0.7
2017-03-21,-0.025,0.28,-0.35
2017-03-22,-0.2,-1.24,-0.15
2017-03-23,0.01,0.12,0.15
2017-03-24,-0.26,-0.04,0.2
2017-03-27,-0.3,0.04,-0.45
2017-03-28,0.075,0.77,0.15
2017-03-29,0.525,0.61,0
2017-03-30,0.25,0.62,0
2017-03-31,0.1,0.35,0.5
2017-04-03,0.125,0.29,2.6
2017-04-04,0.125,0.64,1.1
2017-04-05,0.05,0.71,-0.8
2017-04-06,-0.11,-0.09,0.7
2017-04-07,0.08,1.08,-1.15
2017-04-10,-0.395,-0.03,-0.6
2017-04-11,-0.325,0.25,-0.95
2017-04-12,0.15,0.35,-0.2
2017-04-13,0.025,-0.59,0.55
2017-04-18,0.475,-0.58,0.2
2017-04-19,0.1,-0.28,-0.35
2017-04-20,-0.225,-1.65,0.25
2017-04-21,0.325,-0.26,-0.1
2017-04-24,-0.06,-0.72,0
2017-04-25,-0.315,-0.18,-0.05
2017-04-26,0.05,0.07,-0.05
2017-04-27,0.125,-0.7,0.55
2017-04-28,0,0.36,-0.4
2017-05-01,-0.075,-0.15,-1.2
2017-05-02,0.31,0.19,-0.1
2017-05-03,0.04,-1.02,-0.2
2017-05-04,-0.4,-0.41,-0.45
2017-05-05,-0.25,-1.1,-0.3
2017-05-08,-0.12,0.29,-0.55
2017-05-09,-0.13,-0.2,0.1
2017-05-10,0.065,0.91,0.3
2017-05-11,-0.115,0.53,-0.45
2017-05-12,-0.165,-0.07,0.05
2017-05-15,0.14,1.54,0.05
2017-05-16,-0.025,-0.27,0.5
2017-05-17,0.1,0.25,0.3
2017-05-18,0.175,0.13,0.55
2017-05-19,-0.1,1.08,0.1
2017-05-22,-0.17,0.55,0.75
2017-05-23,0.2,0.06,-0.7
2017-05-24,0.055,0.19,0
2017-05-25,-0.31,0.05,-0.05
2017-05-26,-0.05,-2.37,0
2017-05-29,0.025,0.31,2
2017-05-30,0.215,-0.26,1.55
2017-05-31,-0.09,-0.43,-0.75
2017-06-01,-0.25,-0.47,0.1
2017-06-02,-0.275,-0.93,0.4
2017-06-05,0.175,0.22,0.25
2017-06-06,-0.075,-0.44,0.4
2017-06-07,-0.15,-0.16,0.1
2017-06-08,0.45,-1.54,0
2017-06-09,0,-0.04,0.5
2017-06-12,-0.55,0.59,-0.1
2017-06-13,-0.165,-0.33,0.1
2017-06-14,0.09,-0.13,-0.6
2017-06-15,-0.18,-1.49,0.15
2017-06-16,0.005,0.41,0.25
2017-06-19,0.175,0.15,0.6
2017-06-20,0.055,-0.53,-0.1
2017-06-21,-0.03,-0.6,0
2017-06-22,-0.125,-0.84,-0.15
2017-06-23,-0.025,-0.04,-0.05
2017-06-26,0.2,0.49,0.05
2017-06-27,0.13,0.82,0.2
2017-06-28,0.145,0.41,-0.05
2017-06-29,0.125,0.56,-0.05
2017-06-30,-0.375,0.09,0
2017-07-03,0.225,1.59,1.7
2017-07-04,0.025,0.19,1.05
2017-07-05,-0.15,-0.06,2.3
2017-07-06,0.015,-0.66,1.45
2017-07-07,-0.155,-1.42,-0.05
2017-07-10,-0.14,-0.38,-0.55
2017-07-12,-0.195,1.41,-0.4
2017-07-13,0.1,-0.26,-0.35
2017-07-14,0.075,0.58,-0.85
2017-07-17,0.195,0.15,0.2
2017-07-18,-0.01,0.15,-0.1
2017-07-19,-0.135,0.4,-0.4
2017-07-20,0.25,0.38,0.4
2017-07-21,0.02,-0.54,0.2
2017-07-24,-0.245,-0.88,-0.15
2017-07-25,0.12,2.14,0.1
2017-07-26,0.305,0.15,-0.05
2017-07-27,0.025,0.58,0
2017-07-28,-0.125,1.06,0
2017-07-31,0.005,0.22,-0.25
2017-08-01,-0.28,0.01,-0.3
2017-08-02,-0.025,-0.5,-0.95
2017-08-03,0.095,0.46,0.6
2017-08-04,0.155,-0.37,1
2017-08-07,0.3,0.01,0.4
2017-08-08,-0.115,0.2,-0.35
2017-08-09,0.365,0.12,0.4
2017-08-10,0.35,0.79,0.35
2017-08-11,0.075,-1.36,0.7
2017-08-14,-0.08,0.1,0.3
2017-08-15,-0.12,-1.23,-0.65
2017-08-16,0.28,0.25,0.6
2017-08-17,0.17,-0.28,0.75
2017-08-18,-0.065,1.84,0.15
2017-08-21,0.185,0.04,-1.05
2017-08-22,-0.18,-0.72,0.05
2017-08-23,0.225,0.35,0.15
2017-08-24,0.055,0.08,-0.25
2017-08-25,-0.075,-0.03,0.1
2017-08-28,0.055,0.16,3.75
2017-08-29,0,-0.65,0.9
2017-08-30,0.25,-0.18,-0.9
2017-08-31,-0.15,0.42,-0.75
2017-09-01,-0.02,0.52,0.15
2017-09-04,-0.08,-0.1,-0.05
2017-09-05,0.38,0.81,0.8
2017-09-06,0.05,0.65,0
2017-09-07,-0.03,0.36,0
2017-09-08,0,0.2,0.65
2017-09-11,0.35,-0.73,0.35
2017-09-12,0.07,0.3,-0.15
2017-09-13,0.06,0.77,1.25
2017-09-14,0.345,0.78,0.55
2017-09-15,-0.15,-0.14,-0.1
2017-09-18,-0.25,0.1,-0.05
2017-09-19,0,-0.06,0.7
2017-09-20,-0.25,0.59,-0.1
2017-09-21,-0.065,0.05,-0.65
2017-09-22,-0.21,0.38,0.15
2017-09-25,0.655,2.34,1
2017-09-26,0.145,0.24,-1
2017-09-27,-0.075,-0.6,-0.25
2017-09-28,0.425,-0.24,-0.05
2017-09-29,0,-0.85,-0.05
2017-10-02,-0.1,-1.04,-0.75
2017-10-03,0.075,-0.36,1.15
2017-10-04,0.175,-0.2,1.1
2017-10-05,0.075,1.04,-0.65
2017-10-06,0.005,0.04,-1.25
2017-10-09,0.095,-1.3,-0.75
2017-10-10,-0.02,0.93,0.6
2017-10-11,-0.005,0.18,-0.15
2017-10-12,-0.275,-0.26,0.55
2017-10-13,0.085,0.74,-0.05
2017-10-16,0.115,0.9,0.8
2017-10-17,0.075,-0.12,0
2017-10-18,0.125,0.19,0.5
2017-10-19,0.025,-0.24,-0.65
2017-10-20,-0.13,-0.36,0.15
2017-10-23,-0.27,0.11,-0.2
2017-10-24,-0.2,0.52,0.55
2017-10-25,0,0.17,-0.4
2017-10-26,-0.025,0.81,0.2
2017-10-27,-0.025,1.1,0.2
2017-10-30,0.1,0.35,0.65
2017-10-31,0.4,0.41,1.25
2017-11-01,0.25,0.29,1
2017-11-02,0,-0.84,-0.2
2017-11-03,-0.125,1.37,-1.05
2017-11-06,0.55,2.21,1
2017-11-07,0.375,0.21,-0.2
2017-11-08,0.175,-0.01,-0.05
2017-11-09,0.06,-0.39,-0.05
2017-11-10,0.215,0.02,0.65
2017-11-13,0.1,-0.5,-0.6
2017-11-14,-0.305,-0.6,-0.5
2017-11-15,-0.445,-1.04,-0.4
2017-11-17,-0.12,0.79,-0.05
2017-11-20,0.42,-0.12,0.25
2017-11-21,0.385,0.07,-0.25
2017-11-22,0.085,0.56,0.1
2017-11-23,0.18,0.14,0.2
2017-11-24,0.425,0.38,0.2
2017-11-27,0.2,0.04,-2.55
2017-11-28,-0.275,-0.1,0.25
2017-11-29,-0.005,0.18,1
2017-11-30,-0.005,0.14,0
2017-12-01,0.485,0.11,-0.3
2017-12-04,0.8,-0.64,0.7
2017-12-05,-0.175,-0.53,0.35
2017-12-06,-0.25,-0.22,-0.5
2017-12-07,0.125,-0.67,0.45
2017-12-08,-0.35,1.38,0.3
2017-12-11,0.29,1.29,0.5
2017-12-12,2.785,0.9,1.15
2017-12-13,-2.1,-1.51,-0.65
2017-12-14,-0.6,-0.82,0.1
2017-12-15,-0.125,0.18,0.05
2017-12-18,-0.62,0.23,-0.05
2017-12-19,-0.355,0,-0.25
2017-12-20,0.11,0.69,0
2017-12-21,-0.285,0.33,-0.05
2017-12-22,-0.25,0.35,0
2017-12-27,-0.575,1.66,0
2017-12-28,0.45,-0.09,0
2017-12-29,-0.05,0.13,0
2018-01-02,0.045,0.31,1.85
2018-01-03,-0.345,0.74,0.85
2018-01-04,0,0.24,-1.5
2018-01-05,-0.375,-0.16,0.25
2018-01-08,0.165,-0.12,0.45
2018-01-09,0.445,1.3,-0.6
2018-01-10,0.015,0.08,-0.45
2018-01-11,-0.1,0.68,-0.25
2018-01-12,0.375,-0.12,0.3
2018-01-15,-0.525,0.44,-0.2
2018-01-16,-0.125,-0.24,-0.15
2018-01-17,-0.425,-0.54,-0.15
2018-01-18,-0.45,0.04,-0.2
2018-01-19,0,-0.55,0.2
2018-01-22,0.225,0.43,0.05
2018-01-23,0.05,0.73,0
2018-01-24,-0.495,0.7,-0.1
2018-01-25,-0.28,0.34,0.05
2018-01-26,0.3,-0.45,0.1
2018-01-29,-0.225,-0.19,-2.8
2018-01-30,-0.375,-1.25,-1.65
2018-01-31,0.425,-0.24,-0.45
2018-02-01,0.775,0.82,-1.9
2018-02-02,-0.5,0.05,-0.1
2018-02-05,-0.25,-1.56,-1.15
2018-02-06,-0.05,-0.86,-0.7
2018-02-07,0.58,0.12,-0.85
2018-02-08,-0.38,-2.12,-2.05
2018-02-09,-0.21,-0.96,-1.4
2018-02-12,0.01,-0.24,0.2
2018-02-13,0.5,-1.3,2
2018-02-14,-0.255,1.48,0.6
2018-02-15,-0.245,0.57,-0.15
2018-02-16,0.33,0.07,0.25
2018-02-19,0.92,0.68,0.05
2018-02-20,0.65,-0.09,0.45
2018-02-21,0.175,-0.28,-0.05
2018-02-22,0.05,1.03,0.4
2018-02-23,1.075,0.81,-0.2
2018-02-26,-1.525,0.53,0.6
2018-02-27,-0.475,-0.29,-4.15
2018-02-28,-1.45,-0.74,-0.15
2018-03-01,0.25,-1.83,-2.1
2018-03-02,-0.025,-0.4,-0.9
2018-03-05,-0.375,1.24,0.9
2018-03-06,0.3,0.28,1.25
2018-03-07,-0.05,-0.36,0.25
2018-03-08,0.6,-1.24,0.25
2018-03-09,0.55,1.07,-0.5
2018-03-12,2.15,0.23,-0.3
2018-03-13,-1.15,-0.18,0.4
2018-03-14,-0.87,-0.47,-0.15
2018-03-15,0.07,0.17,-0.45
2018-03-16,-0.275,1.04,-0.75
2018-03-19,0.075,-0.03,-0.5
2018-03-20,0.275,1.49,1
2018-03-21,0.275,1.98,0
2018-03-22,-0.325,-0.16,-0.3
2018-03-23,-0.56,0.87,-0.65
2018-03-26,-0.415,0.48,-0.1
2018-03-27,0.25,-0.02,0.25
2018-03-28,0.2,-0.78,-0.3
2018-03-29,-0.4,0.19,0.1
2018-04-03,-0.225,-1.98,0.5
2018-04-04,0.125,-0.18,-0.1
2018-04-05,0,0.65,0.65
2018-04-06,0.025,-0.31,0.65
2018-04-09,0.45,0.18,0.8
2018-04-10,0.275,2.54,0.15
2018-04-11,0.45,1.75,0.1
2018-04-12,-0.11,-0.6,-0.3
2018-04-13,0.41,0.39,-0.15
2018-04-16,-0.03,-0.03,0.05
2018-04-17,-0.295,-0.96,0.15
2018-04-18,-0.005,2.04,-0.7
2018-04-19,0.63,0.82,0.5
2018-04-20,0.075,-0.55,0
2018-04-23,0.025,0.9,0.15
2018-04-24,-0.05,0.37,-0.15
2018-04-25,-0.11,-1.28,0
2018-04-26,0.31,0.78,-0.1
2018-04-27,0.025,0.06,0.1
2018-04-30,0.325,0.38,3.45
2018-05-01,-0.075,-0.43,0.05
2018-05-02,-0.225,-1.35,-0.3
2018-05-03,-0.22,0.46,0.1
2018-05-04,0.42,0.99,0.3
2018-05-07,0.15,1.26,-0.15
2018-05-08,0.425,-0.16,1.5
2018-05-09,0.15,1.25,0.35
2018-05-10,-0.1,0.57,0.9
2018-05-11,0.225,-0.4,0.45
2018-05-14,0.325,0.93,1.2
2018-05-15,0.35,0.94,-0.15
2018-05-16,-0.225,-0.12,0.2
2018-05-17,0.55,1.15,0.5
2018-05-18,-0.1,-0.63,-0.6
2018-05-21,0.175,-0.28,0
2018-05-22,0.575,0.9,0.05
2018-05-23,-0.125,-0.64,-0.2
2018-05-24,0.175,-0.07,0.3
2018-05-25,-0.645,-0.9,-0.15
2018-05-28,-0.355,-2.71,3
2018-05-29,0.75,0.03,1.5
2018-05-30,0.3,1.53,2.25
2018-05-31,0.075,1.02,0
2018-06-01,-0.99,-0.8,-0.95
2018-06-04,0.015,-1,1.1
2018-06-05,0.05,-1.21,-0.2
2018-06-06,-0.515,0.51,-1.3
2018-06-07,-0.01,1.2,0.4
2018-06-08,0.2,0.16,0.1
2018-06-11,-0.5,-0.77,0.5
2018-06-12,0.4,0.23,0.75
2018-06-13,0.595,-0.2,0.1
2018-06-14,0.43,0.05,-0.1
2018-06-15,-0.45,-0.86,-0.25
2018-06-18,-0.21,-0.57,0.3
2018-06-19,-0.14,0.06,0.2
2018-06-20,-0.25,0.31,-0.4
2018-06-21,-0.2,-1.17,-0.6
2018-06-22,0.245,1.14,0
2018-06-25,-0.195,-0.7,0.1
2018-06-26,0,1.59,-0.05
2018-06-27,0.475,1.44,-0.05
2018-06-28,0.025,0.26,0
2018-06-29,-0.2,1.28,0
2018-07-02,0.365,-0.75,3.5
2018-07-03,0.26,-0.4,-0.25
2018-07-04,-0.19,-0.27,0.5
2018-07-05,0.215,0.22,1
2018-07-06,-0.05,-0.82,-0.6
2018-07-09,0.2,0.63,1.35
2018-07-10,0.25,1.2,1
2018-07-11,-0.325,-0.68,0.1
2018-07-12,-0.3,-3.73,-0.6
2018-07-13,-0.05,0.83,-0.6
2018-07-16,0.245,-0.56,-0.7
2018-07-17,-0.52,-2.59,0.1
2018-07-18,0.105,0.5,1.05
2018-07-19,0.195,0.51,-0.9
2018-07-20,-0.25,-0.32,-0.8
2018-07-23,0.085,1.03,0.6
2018-07-24,-0.045,-0.5,0.15
2018-07-25,0.15,0.6,0.05
2018-07-26,-0.14,0.23,0.05
2018-07-27,-0.15,0.02,0
2018-07-30,0.075,0.42,-6.1
2018-07-31,0.1,-0.17,0.2
2018-08-01,-0.18,-0.98,0.1
2018-08-02,0.03,-0.37,-0.55
2018-08-03,0.25,-0.02,0
2018-08-06,0.225,0.74,1.35
2018-08-07,0.325,0.43,0.75
2018-08-08,0.1,-0.03,0.75
2018-08-09,-0.075,-1.98,-0.9
2018-08-10,0.175,0.25,0.4
2018-08-13,0.525,-0.05,0.75
2018-08-14,0.45,0.84,0.45
2018-08-15,-0.225,-1.49,-0.6
2018-08-16,0.245,-0.92,0.25
2018-08-17,0.205,0.97,0.35
2018-08-20,0,0.26,0.3
2018-08-21,0.46,0.2,-0.5
2018-08-22,0.04,2.05,-1.2
2018-08-23,0.13,-0.13,0.3
2018-08-24,0.195,1.55,-0.1
2018-08-27,0.4,-0.08,1
2018-08-28,0.15,0.63,-0.4
2018-08-29,0.48,0.45,0.3
2018-08-30,0.37,0.61,0
2018-08-31,-0.1,-0.24,0
2018-09-03,0.085,0.65,1.5
2018-09-04,0.735,1.28,1.35
2018-09-05,-0.02,-1.63,0.25
2018-09-06,0.41,-0.32,0
2018-09-07,0.7,-0.67,0
2018-09-10,0.865,0.82,-0.6
2018-09-11,0.075,1.62,0.55
2018-09-12,-0.99,0.59,-0.45
2018-09-13,-0.46,-0.42,-0.1
2018-09-14,-0.325,-0.77,-0.9
2018-09-17,0.85,-0.04,-0.2
2018-09-18,-0.225,0.83,-0.4
2018-09-19,0.38,-0.23,1.1
2018-09-20,0.82,0.33,-0.35
2018-09-21,-0.25,0.29,0.65
2018-09-24,0.675,1.36,0.05
2018-09-25,-0.025,1.07,-0.05
2018-09-26,-0.8,-0.33,0
2018-09-27,-0.65,0.22,0
2018-09-28,-0.205,0.43,0.05
2018-10-01,-0.195,2.58,1.05
2018-10-02,0.55,-0.07,1.6
2018-10-03,-0.875,1.36,-1.35
2018-10-04,0.325,-0.31,-0.85
2018-10-05,0.2,-1.31,0.55
2018-10-08,-0.3,-0.81,-0.05
2018-10-09,-0.3,1.14,-0.5
2018-10-10,-0.475,-0.28,-0.9
2018-10-11,-0.825,-2.54,-0.9
2018-10-12,0.6,-1.15,0.1
2018-10-15,0.625,0.44,0
2018-10-16,-0.75,-0.17,-0.1
2018-10-17,-0.225,0.1,0.3
2018-10-18,0.05,-1.54,0.4
2018-10-19,0.525,0.57,0.8
2018-10-22,-0.425,-0.47,-0.15
2018-10-23,-0.775,-0.29,0.05
2018-10-24,0.125,-2.55,-0.05
2018-10-25,-0.7,-0.49,0.05
2018-10-26,-0.325,0.83,-0.2
2018-10-29,-0.125,0.12,-0.7
2018-10-30,-0.35,-0.71,0.2
2018-10-31,0.5,-0.4,-2.15
2018-11-01,-0.745,-1.93,-1.35
2018-11-02,0.27,-1.49,0.05
2018-11-05,-0.375,0.63,-0.75
2018-11-06,-0.01,-0.85,-2
2018-11-07,0.585,0.27,0
2018-11-08,0.56,-0.47,0.5
2018-11-09,-0.285,-2.09,-2.3
2018-11-12,1.3,0.89,1.1
2018-11-13,0.45,-2.2,-1.35
2018-11-14,0.4,-2.05,-1.45
2018-11-15,-0.25,-0.21,-0.25
2018-11-16,0.1,0.96,0
2018-11-19,-2.4,-0.74,-1
2018-11-20,0.075,-0.74,-0.7
2018-11-21,0.025,-2.42,-0.25
2018-11-22,0.235,-0.67,0.8
2018-11-23,0.39,-1.02,-0.35
2018-11-26,-0.47,-1.66,0.3
2018-11-27,0.545,0.27,0.05
2018-11-28,-0.695,-0.13,0
2018-11-29,0.12,-0.9,0
2018-11-30,0.2,-0.44,-0.2
2018-12-03,0.825,2.67,-1.55
2018-12-04,-0.7,0.98,-1.1
2018-12-05,-0.525,-0.29,-0.25
2018-12-06,-1.075,-1.32,0.75
2018-12-07,-0.075,1.76,-0.25
2018-12-10,0.175,-1.4,0.45
2018-12-11,0.2,-1.23,0.65
2018-12-12,0.55,0.33,0.65
2018-12-13,0.25,0.59,0.1
2018-12-14,0.325,-0.44,0.55
2018-12-17,0.07,-0.37,0.2
2018-12-18,-0.68,-1.97,-0.2
2018-12-19,0.235,-1.13,-0.15
2018-12-20,0.325,-1.36,0.3
2018-12-21,0.145,-1.42,-0.55
2018-12-24,-0.17,-0.67,0
2018-12-27,-0.85,0.01,-0.75
2018-12-28,-0.3,-0.87,0.75
2018-12-31,-0.75,1.02,-1.3
2019-01-02,-0.275,1.74,-1.25
2019-01-03,-0.025,-0.26,-1.45
2019-01-04,0.425,2.01,-0.5
2019-01-07,-0.7,0.62,-0.5
2019-01-08,0.035,-0.06,-0.95
2019-01-09,0.29,2.82,0.05
2019-01-10,-0.525,0.22,-0.1
2019-01-11,0.425,0.58,0.5
2019-01-14,-0.1,-1.45,-0.45
2019-01-15,-0.2,-0.18,0.35
2019-01-16,0.15,0.59,0.65
2019-01-17,0.85,0.09,0.35
2019-01-18,0.2,1.46,-0.05
2019-01-21,-1.29,0.15,-1.05
2019-01-22,-0.21,-0.44,-0.3
2019-01-23,0.45,-0.38,-0.05
2019-01-24,-0.525,-0.82,-0.1
2019-01-25,-0.825,0.41,-0.35
2019-01-28,0.1,-0.23,-1.65
2019-01-29,-0.3,0.1,-0.65
2019-01-30,0.075,0.88,0.8
2019-01-31,-0.875,-0.35,-0.65
2019-02-01,-0.45,0.65,-0.6
2019-02-04,-0.175,0.66,-2.65
2019-02-05,0.075,-0.61,0.5
2019-02-06,-0.2,-0.22,-1
2019-02-07,0.25,0.11,-0.15
2019-02-08,-0.9,-0.55,-1.35
2019-02-11,-0.425,-0.02,-0.4
2019-02-12,0,1,-0.4
2019-02-13,-0.025,0.64,0.6
2019-02-14,0.175,0.83,0.1
2019-02-15,-0.2,1.58,0
2019-02-18,0.075,0.44,0.1
2019-02-19,-0.35,-0.18,-0.1
2019-02-20,0.4,0.73,0.35
2019-02-21,-0.35,-0.07,-0.1
2019-02-22,-0.38,0.42,-0.15
2019-02-25,-0.395,-0.26,-0.85
2019-02-26,0.345,-1.73,1.75
2019-02-27,0.28,0.96,0.1
2019-02-28,0.125,-0.32,-0.05
2019-03-01,-0.175,0.76,-0.15
2019-03-04,-0.17,-0.8,0.2
2019-03-05,0.045,-0.11,-0.6
2019-03-06,-0.475,-0.05,0
2019-03-07,-0.05,0.82,-1.35
2019-03-08,0.05,-0.91,-0.35
2019-03-11,-0.375,0.66,-0.05
2019-03-12,-0.05,0.64,-0.1
2019-03-13,-0.575,0.37,-1.15
2019-03-14,-0.195,0.38,0.45
2019-03-15,-0.305,-0.43,-0.55
2019-03-18,-0.3,-0.02,0.1
2019-03-19,0.2,0.51,-0.25
2019-03-20,-0.245,0.37,-0.15
2019-03-21,-0.255,0.12,-0.15
2019-03-22,-0.475,-0.71,-0.1
2019-03-25,-0.01,-0.33,-0.15
2019-03-26,0.155,0.58,0
2019-03-27,0.33,0.12,-0.1
2019-03-28,-0.1,-0.35,-0.15
2019-03-29,-0.56,0.89,-0.05
2019-04-01,-0.365,0.33,-9.4
2019-04-02,-0.175,0.36,-4.25
2019-04-03,0.525,0.38,-0.75
2019-04-04,0.595,0.07,-0.75
2019-04-05,1.88,0.45,1
2019-04-08,0.45,0.71,2.45
2019-04-09,-0.4,0.15,0.35
2019-04-10,0.755,0.44,0.95
2019-04-11,-1.405,-0.1,-0.2
2019-04-12,-0.075,0.19,0.35
2019-04-15,-0.5,-0.27,-0.75
2019-04-16,-0.575,0.35,0.2
2019-04-17,0.275,0.32,0
2019-04-18,0.175,-0.23,-0.2
2019-04-23,-0.92,2.69,0.25
2019-04-24,-0.055,0,-0.3
2019-04-25,0.2,0.87,0
2019-04-26,0.175,-1.18,-0.35
2019-04-29,-0.035,-1.92,0.55
2019-04-30,-0.34,0.77,-0.35
2019-05-01,-0.375,-0.91,-0.2
2019-05-02,0.375,-0.14,0
2019-05-03,0.175,-0.68,1.9
2019-05-06,-0.23,0.25,-0.4
2019-05-07,0.07,-0.46,-0.5
2019-05-08,-0.065,-0.63,0.4
2019-05-09,0.3,-0.05,-0.75
2019-05-10,-0.35,0.58,-0.65
2019-05-13,-0.525,1.35,-0.25
2019-05-14,0,-0.93,0.5
2019-05-15,-0.01,0.6,-0.65
2019-05-16,-0.19,1.11,-0.1
2019-05-17,-0.4,-0.13,-0.15
2019-05-20,-0.11,0.17,-0.05
2019-05-21,-0.35,-0.88,-0.1
2019-05-23,-0.19,-1.55,-0.45
2019-05-24,-0.2,-1.67,0
2019-05-27,-0.2,0.93,-0.25
2019-05-28,0.315,0.36,-0.45
2019-05-29,-0.1,-0.49,-0.15
2019-05-30,-0.265,-0.14,-0.1
2019-05-31,-0.5,-3.68,0
2019-06-03,-0.475,-3.44,-4.9
2019-06-04,0.815,-0.72,0.05
2019-06-05,-0.135,0.15,0.05
2019-06-06,-0.47,0.16,-0.9
2019-06-07,0.185,1.16,1.3
2019-06-10,0.235,0.51,0.6
2019-06-11,-0.055,-1.23,-1.25
2019-06-12,-0.55,-1.02,-1.25
2019-06-13,0.505,0.79,-0.25
2019-06-14,-0.245,-0.07,-0.25
2019-06-17,0.105,-0.2,0
2019-06-18,-0.19,0.47,-1.35
2019-06-19,-0.425,-0.29,0.05
2019-06-20,-0.325,2.27,0.25
2019-06-21,-0.175,0.94,0.05
2019-06-24,0.055,0.03,-0.05
2019-06-25,-0.555,0.19,0
2019-06-26,-0.2,0.87,-0.05
2019-06-27,-0.125,-0.03,0
2019-06-28,0.595,0.02,-0.05
2019-07-01,0.42,-0.09,2.05
2019-07-02,0.555,-1.24,0.95
2019-07-03,-0.695,-1.5,0.9
2019-07-04,0.15,0.06,1.25
2019-07-05,0.695,0.45,2.2
2019-07-08,0.705,0.62,1.35
2019-07-09,0.62,-0.39,-0.95
2019-07-10,-0.15,2.37,1.9
2019-07-11,0.64,0.53,0
2019-07-12,0.29,-0.36,-0.4
2019-07-15,0.45,0.18,-0.35
2019-07-16,-1.225,-0.38,-0.45
2019-07-17,-1.145,-1.81,0.5
2019-07-18,-0.38,-0.82,-0.15
2019-07-19,-0.075,-1.09,0.35
2019-07-22,-0.15,0.66,0.15
2019-07-23,-0.125,0.43,-0.05
2019-07-24,-0.1,0.2,0
2019-07-25,-0.37,-0.43,0
2019-07-26,-0.215,-0.27,0
2019-07-29,0.01,-0.06,1.4
2019-07-30,-0.075,1.24,-1.5
2019-07-31,1.455,0.28,0.7
2019-08-01,1.145,-0.88,-0.4
2019-08-02,0.255,-1.59,0.2
2019-08-05,-0.78,-1.39,-1
2019-08-06,-0.875,-1,-0.75
2019-08-07,0.15,-1.33,-0.75
2019-08-08,0.85,-1.22,0.5
2019-08-09,0.175,1.09,-0.25
2019-08-12,-0.395,-0.22,0.05
2019-08-13,-0.055,2.62,0.1
2019-08-14,-0.375,-0.42,-0.3
2019-08-15,-0.325,-1.66,-0.1
2019-08-16,0.055,0.08,-0.1
2019-08-19,-0.23,0.42,-0.1
2019-08-20,0.26,0.4,-0.15
2019-08-21,0.315,1.09,-0.3
2019-08-22,-0.225,-0.52,-0.25
2019-08-23,-0.55,-0.6,-0.2
2019-08-26,-0.45,-0.12,0
2019-08-27,-0.14,0,0.05
2019-08-28,0.14,0.83,-0.15
2019-08-29,0.3,0.19,-0.1
2019-08-30,2.695,-0.02,0.3
2019-09-02,-0.945,-1.91,0.4
2019-09-03,-0.3,-0.39,1.6
2019-09-04,0.2,2.09,0.35
2019-09-05,-0.09,1.44,-0.15
2019-09-06,0.055,-0.52,0.3
2019-09-09,0.335,1.12,0.7
2019-09-10,2,0.78,1.8
2019-09-11,0.25,-0.51,0.3
2019-09-12,-0.2,-1.88,0.45
2019-09-13,1.15,-0.58,0.5
2019-09-16,-0.15,11.14,0.5
2019-09-17,-0.31,-2.69,-0.2
2019-09-18,-2.24,-4.27,-0.5
2019-09-19,0.08,0.58,-0.15
2019-09-20,-0.48,-0.29,0.35
2019-09-23,-0.25,0.22,-0.35
2019-09-24,0.055,-0.9,0.1
2019-09-25,-0.365,-1.79,-0.75
2019-09-26,0.005,0.11,0.65
2019-09-27,0.155,-0.17,-0.5
2019-09-30,4.38,-0.51,0.1
2019-10-01,-0.055,-2.14,-0.5
2019-10-02,-0.38,-0.6,-0.2
2019-10-03,-0.085,-1.51,-0.3
2019-10-04,0.19,0.97,0.15
2019-10-07,-0.825,0.72,0.6
2019-10-08,0.05,-0.76,0.95
2019-10-09,0.22,0.43,0.3
2019-10-10,-0.045,0.25,-0.8
2019-10-11,0.495,1.09,0.3
2019-10-14,-0.095,0.04,-0.25
2019-10-15,0.125,-1.05,0.25
2019-10-16,-0.125,0.07,-0.75
2019-10-17,-0.185,0.29,-0.15
2019-10-18,0.16,0.25,-0.1
2019-10-21,-0.01,-0.74,0.1
2019-10-22,-0.165,0.71,0.05
2019-10-23,-0.53,1.04,0
2019-10-24,0.155,0.6,-0.25
2019-10-25,-0.075,0.21,0.25
2019-10-28,-0.875,0.23,-3.75
2019-10-29,-0.175,-0.36,0.2
2019-10-30,-0.5,-0.05,0.65
2019-10-31,2.125,-0.8,-0.75
2019-11-01,0.3,0.69,0.45
2019-11-04,0.2,0.96,-0.15
2019-11-05,0.225,0.41,0.1
2019-11-06,-0.44,0.13,-0.8
2019-11-07,-0.13,-0.43,0.05
2019-11-08,-0.125,-0.19,-0.35
2019-11-11,-0.005,0.06,-0.35
2019-11-12,-0.25,0.09,-0.1
2019-11-13,-0.43,-0.11,-0.05
2019-11-14,0.305,0.47,0
2019-11-15,-0.105,0.44,0.55
2019-11-18,-0.32,-0.08,-1.1
2019-11-19,-0.05,-1,0.6
2019-11-20,0.22,0.23,0.15
2019-11-21,0.23,1.23,0.5
2019-11-22,0.33,0.24,-0.05
2019-11-25,0.37,-0.47,-0.05
2019-11-26,-0.28,0.52,0.25
2019-11-27,-0.115,0.28,-0.3
2019-11-28,-0.08,-0.6,0.25
2019-11-29,0.775,-0.14,0.3
2019-12-02,-0.63,-1.77,0.85
2019-12-03,-0.335,-0.51,-0.5
2019-12-04,0.04,1.93,-0.55
2019-12-05,-0.225,0.4,-0.5
2019-12-06,-0.4,0.97,-1
2019-12-09,-0.29,-0.38,-0.9
2019-12-10,-0.41,0.19,-0.3
2019-12-11,-0.05,-0.43,0
2019-12-12,0.275,0.59,0.3
2019-12-13,0.065,0.94,-0.1
2019-12-16,-0.685,-0.13,-0.2
2019-12-17,0.34,0.58,0
2019-12-18,0.89,0.19,0
2019-12-19,0.065,0.35,-0.15
2019-12-20,-1.215,-0.06,0.1
2019-12-23,-0.71,-0.1,-0.7
2019-12-24,-0.615,0.64,0.45
2019-12-27,-0.06,1.07,0.3
2019-12-30,-0.15,0.66,-0.85
2019-12-31,-0.25,-2.06,0.85
2020-01-02,0.2,-0.35,-1.4
2020-01-03,0.375,2.92,0.65
2020-01-06,0.395,1.24,-0.1
2020-01-07,-1.27,-1.99,-0.35
2020-01-08,-0.05,3,0.2
2020-01-09,0.15,-5.65,0.25
2020-01-10,0.08,-0.44,0.45
2020-01-13,-0.08,-0.39,0.2
2020-01-14,-0.31,-0.22,-0.9
2020-01-15,-0.63,-0.45,-0.5
2020-01-16,0.065,0.37,-0.75
2020-01-17,-0.36,0.63,-0.75
2020-01-20,-0.265,0.4,-0.75
2020-01-21,0.175,-0.65,0.85
2020-01-22,-0.225,-0.77,-0.25
2020-01-23,-0.295,-1.89,0.05
2020-01-24,0.205,-0.23,-0.15
2020-01-27,0.015,-1.97,0.1
2020-01-28,0.2,-0.37,0.05
2020-01-29,-0.15,0.5,-0.25
2020-01-30,-0.75,-0.97,0.3
2020-01-31,0.065,-0.2,-0.1
2020-02-03,-0.38,-2.68,-2.55
2020-02-04,-0.21,-1.12,0.4
2020-02-05,0.05,0.81,1.85
2020-02-06,-0.2,0.12,-1.3
2020-02-07,-0.055,-1.18,-0.1
2020-02-10,-0.395,-0.69,-0.85
2020-02-11,-0.1,-0.02,0.2
2020-02-12,0.175,1.67,0.75
2020-02-13,0,0.47,1.25
2020-02-14,0.055,0.7,0.3
2020-02-17,0.52,0.17,0.1
2020-02-18,0.205,0.13,-0.7
2020-02-19,-0.065,1.57,-0.4
2020-02-20,0.21,0.6,-0.85
2020-02-21,-0.315,-0.75,-0.15
2020-02-24,-0.035,-1.39,-0.3
2020-02-25,-0.355,-0.88,0.15
2020-02-26,0.005,-1.53,-0.15
2020-02-27,0,-2.2,-0.1
2020-02-28,-0.15,-1.73,-0.1
2020-03-02,0.325,1.68,-0.95
2020-03-03,-0.01,0.7,0.8
2020-03-04,-0.235,-0.87,-0.45
2020-03-05,-0.135,-0.99,0.4
2020-03-06,-0.08,-1.59,-0.35
2020-03-09,-0.215,-12.11,-0.75
2020-03-10,0.45,-0.12,-0.1
2020-03-11,0.35,1.48,0.1
2020-03-12,-0.005,-3.24,-0.2
2020-03-13,0.2,-0.31,0.25
2020-03-16,-0.52,-0.31,-0.05
2020-03-17,-0.35,-4.59,0.6
2020-03-18,-0.375,-2.04,0.7
2020-03-19,0.195,0.21,-1.3
2020-03-20,0.115,1.52,0.95
2020-03-23,-0.61,-3.4,-0.05
2020-03-24,0.085,1.11,0.45
2020-03-25,-0.235,-0.36,0.05
2020-03-26,-0.3,-0.54,0.05
2020-03-27,-0.225,-0.75,0.15
2020-03-30,-0.35,-2.56,3.7
2020-03-31,0.105,-0.57,-0.8
2020-04-01,-0.33,2.41,-2.9
2020-04-02,0.6,10.01,-0.25
2020-04-03,-0.4,-1.29,-0.9
2020-04-06,0.35,-0.76,-0.85
2020-04-07,0.27,-0.06,0.4
2020-04-08,-0.19,-0.31,0.1
2020-04-09,0.06,2.53,0.25
2020-04-14,-0.24,-4.08,-1.1
2020-04-15,-0.4,-1.99,-0.45
2020-04-16,0.25,-1.33,0.2
2020-04-17,0.18,-0.07,0.25
2020-04-20,-0.485,-0.68,-0.2
2020-04-21,-0.095,-1.75,-0.1
2020-04-22,-0.17,-4.05,-0.3
2020-04-23,-0.36,0.77,-0.25
2020-04-24,-0.235,-0.52,0.15
2020-04-27,0.05,-0.79,-5.05
2020-04-28,0.18,-0.62,-1.55
2020-04-29,0.135,2.59,0.55
2020-04-30,0.065,1.88,0.85
2020-05-01,-0.04,2.12,-0.35
2020-05-04,-0.41,0.2,-0.5
2020-05-05,-0.04,3.98,0.6
2020-05-06,-0.07,0.21,0.55
2020-05-07,0.12,-0.43,0.05
2020-05-08,-0.075,-0.7,-0.2
2020-05-11,-0.075,0.33,-0.1
2020-05-12,-0.19,-0.77,-0.2
2020-05-13,-0.215,-0.15,-0.35
2020-05-14,-0.1,1,-0.25
2020-05-15,0.09,1.36,-0.35
2020-05-18,-0.01,2.81,0.2
2020-05-19,-0.545,0.04,-0.1
2020-05-20,-0.07,0.7,0
2020-05-21,-0.41,0.52,-0.1
2020-05-22,-0.275,-0.75,-0.1
2020-05-25,0.955,-0.26,0.1
2020-05-26,-0.15,0.71,-0.15
2020-05-27,-0.85,-0.52,0.1
2020-05-28,-0.165,-0.21,0.1
2020-05-29,0.665,-0.58,-0.3
2020-06-01,-0.255,3.31,6
2020-06-02,0.675,1.07,2.5
2020-06-03,0.585,0.78,-0.7
2020-06-04,-0.06,-0.43,-0.6
2020-06-05,0.425,2.38,0.5
2020-06-08,-0.12,0.93,0.05
2020-06-09,-0.525,-1.96,-0.65
2020-06-10,-0.4,0.54,-1.1
2020-06-11,0.22,-0.98,-0.1
2020-06-12,0.37,-1.56,0.1
2020-06-15,0.23,0.45,0.3
2020-06-16,-0.11,1.75,0
2020-06-17,-0.21,-0.19,-0.2
2020-06-18,0.175,0.18,0.1
2020-06-19,0.155,1.28,0.3
2020-06-22,-0.06,0.26,0.6
2020-06-23,0.215,0.75,-0.35
2020-06-24,0.08,-1.04,0
2020-06-25,-0.37,-1.25,0
2020-06-26,-0.34,0.17,0.2
2020-06-29,0.69,0.14,4.55
2020-06-30,0.62,-0.33,-0.4
2020-07-01,-0.325,1,0.4
2020-07-02,-0.23,0.61,1.1
2020-07-03,0.095,-0.24,-0.6
2020-07-06,0.215,0.72,0.7
2020-07-07,0.07,-0.26,-0.7
2020-07-08,-0.15,0.02,-1
2020-07-09,-0.295,0.03,0
2020-07-10,-0.275,-0.08,-0.8
2020-07-13,-0.065,-0.08,0.25
2020-07-14,-0.315,-0.12,-0.95
2020-07-15,0.16,0.63,1
2020-07-16,-0.28,-0.05,0
2020-07-17,0.08,-0.35,0.25
2020-07-20,-0.165,0,-0.25
2020-07-21,-0.09,1.44,0.6
2020-07-22,-0.035,-0.49,0.1
2020-07-23,0.21,0.37,-0.3
2020-07-24,-0.05,-0.87,0.2
2020-07-27,-0.08,-0.13,-0.1
2020-07-28,-0.01,0.07,0.2
2020-07-29,0.225,0.11,0
2020-07-30,0.22,-0.15,0.15
2020-07-31,0.66,-0.36,0.05
2020-08-03,0.895,1.02,1.85
2020-08-04,0.47,0.36,0
2020-08-05,0.005,1.41,-0.25
2020-08-06,0.505,-0.52,-1.3
2020-08-07,0.385,-0.41,0.6
2020-08-10,-0.04,-0.04,0.1
2020-08-11,-0.32,0.53,-0.4
2020-08-12,-0.45,-0.16,-0.7
2020-08-13,-0.015,-0.05,-0.3
2020-08-14,0.825,-0.29,0.5
2020-08-17,0.225,0.12,-0.6
2020-08-18,0.2,0.14,-0.05
2020-08-19,0.15,-0.07,-0.2
2020-08-20,-0.55,-0.3,-0.25
2020-08-21,-0.305,-0.1,-0.25
2020-08-24,0.405,0.1,0.15
2020-08-25,0.465,0.89,0.1
2020-08-26,0.615,0.03,0.05
2020-08-27,-0.16,-0.23,-0.05
2020-08-28,1.96,-0.57,0.1
2020-08-31,0.245,1.23,3.75
2020-09-01,0.22,-0.31,0.05
2020-09-02,-0.395,-0.17,-0.8
2020-09-03,0.425,-1.4,-0.5
2020-09-04,0.325,-0.11,-0.1
2020-09-07,-0.515,-2.11,-0.4
2020-09-08,-0.185,-0.2,0
2020-09-09,-0.515,-1.03,0.75
2020-09-10,-0.035,-0.24,0
2020-09-11,-0.415,-0.62,-0.25
2020-09-14,0.3,-0.25,0.2
2020-09-15,0.265,0.73,0.1
2020-09-16,0.375,1.62,0.25
2020-09-17,0.15,1.06,0.05
2020-09-18,-0.1,0.3,-0.2
2020-09-21,0.41,-0.5,0.1
2020-09-22,-0.11,-1.1,0.1
2020-09-23,0.265,0.42,0.05
2020-09-24,-0.045,-0.6,0.15
2020-09-25,-0.27,0.31,0.05
2020-09-28,0.635,0.29,4.95
2020-09-29,0.33,-0.1,0
2020-09-30,0.855,-1.54,-0.2
2020-10-01,0.255,1.58,0.6
2020-10-02,-0.695,-1.79,-0.9
2020-10-05,0.365,1.01,0.6
2020-10-06,-0.07,1.06,0.3
2020-10-07,0.365,-0.42,-0.3
2020-10-08,0.24,1.05,0.2
2020-10-09,-0.03,0.1,-0.1
2020-10-12,-0.135,-0.86,-0.2
2020-10-13,-0.11,-0.03,-0.8
2020-10-14,0.28,0.77,0.3
2020-10-15,0.235,0.03,0.25
2020-10-16,0.36,-0.27,-0.1
2020-10-19,0.29,0.02,0.15
2020-10-20,0.07,0.07,0
2020-10-21,-0.025,-0.26,-0.6
2020-10-22,0.365,-0.25,0.25
2020-10-23,0.405,0.01,0.15
2020-10-26,-0.21,-1.17,-0.2
2020-10-27,-0.68,-0.16,-0.1
